question,options,correct_answer,category,difficulty,fun_fact,source,grade_range,active
"What is the chemical symbol for gold?","[""Fe"",""Au"",""Ag"",""Cu""]",1,Science,easy,"Gold has been used as currency and jewellery for over 5,000 years.",Khan Academy – Chemistry,Y6-Y11,true
"How many bones are in the adult human body?","[""106"",""206"",""306"",""406""]",1,Science,easy,"Babies are born with around 270 bones; many fuse together as they grow.",BBC Bitesize – Human Body,Y6-Y11,true
"What gas do plants produce during photosynthesis?","[""Carbon Dioxide"",""Nitrogen"",""Oxygen"",""Hydrogen""]",2,Science,easy,"Plants release oxygen as a by-product of converting sunlight and CO₂ into glucose.",BBC Bitesize – Photosynthesis,Y6-Y11,true
"What is the hardest natural substance on Earth?","[""Gold"",""Iron"",""Diamond"",""Quartz""]",2,Science,easy,"Diamond scores 10 on the Mohs hardness scale and can only be scratched by another diamond.",National Geographic – Minerals,Y6-Y11,true
"How many colours are in a rainbow?","[""5"",""6"",""7"",""8""]",2,Science,easy,"The colours are red, orange, yellow, green, blue, indigo, and violet — remembered as ROY G BIV.",BBC Bitesize – Light,Y6-Y11,true
"What type of animal is a dolphin?","[""Fish"",""Reptile"",""Mammal"",""Amphibian""]",2,Science,easy,"Dolphins must surface to breathe air through a blowhole on top of their heads.",National Geographic – Dolphins,Y6-Y11,true
"What force keeps us on the ground?","[""Magnetism"",""Friction"",""Gravity"",""Tension""]",2,Science,easy,"Earth's gravity pulls everything towards its centre at 9.8 m/s².",Khan Academy – Forces,Y6-Y11,true
"What is the boiling point of water at sea level?","[""90°C"",""95°C"",""100°C"",""105°C""]",2,Science,easy,"Water boils at lower temperatures at high altitude because air pressure is reduced.",BBC Bitesize – States of Matter,Y6-Y11,true
"Which organ pumps blood around the human body?","[""Lungs"",""Liver"",""Kidney"",""Heart""]",3,Science,easy,"The human heart beats about 100,000 times and pumps about 7,500 litres of blood every day.",Khan Academy – Human Biology,Y6-Y11,true
"What is the closest planet to the Sun?","[""Venus"",""Earth"",""Mars"",""Mercury""]",3,Science,easy,"Mercury has no atmosphere so temperatures swing from -180°C at night to 430°C during the day.",NASA Solar System Exploration,Y6-Y11,true
"What is the pH of pure water?","[""5"",""6"",""7"",""8""]",2,Science,medium,"A pH of 7 is neutral — below is acidic, above is alkaline.",Khan Academy – Acids and Bases,Y6-Y11,true
"What is the atomic number of oxygen?","[""6"",""7"",""8"",""9""]",2,Science,medium,"The atomic number tells you the number of protons in an atom's nucleus.",Royal Society of Chemistry – Periodic Table,Y6-Y11,true
"What is the process of a solid turning directly into a gas called?","[""Evaporation"",""Condensation"",""Sublimation"",""Melting""]",2,Science,medium,"Dry ice (solid CO₂) sublimates at room temperature, producing the smoky fog effect.",BBC Bitesize – States of Matter,Y6-Y11,true
"What type of rock is formed from cooled magma?","[""Sedimentary"",""Metamorphic"",""Igneous"",""Limestone""]",2,Science,medium,"Igneous comes from the Latin word 'ignis' meaning fire.",BBC Bitesize – Rock Cycle,Y6-Y11,true
"What is the function of red blood cells?","[""Fight infection"",""Carry oxygen"",""Digest food"",""Filter blood""]",1,Science,medium,"Red blood cells contain haemoglobin, an iron-containing protein that binds to oxygen.",Khan Academy – Blood,Y6-Y11,true
"What is the chemical symbol for sodium?","[""So"",""Sd"",""Na"",""Nm""]",2,Science,medium,"Sodium comes from the Latin 'Natrium', which is why its symbol is Na.",Royal Society of Chemistry,Y6-Y11,true
"Which layer of Earth is the outermost?","[""Mantle"",""Outer core"",""Crust"",""Inner core""]",2,Science,medium,"The continental crust can be up to 70 km thick while oceanic crust is only about 10 km.",National Geographic – Earth Structure,Y6-Y11,true
"What is the unit of electric current?","[""Volt"",""Watt"",""Ampere"",""Ohm""]",2,Science,medium,"The ampere is named after André-Marie Ampère, a French physicist and mathematician.",Khan Academy – Electricity,Y6-Y11,true
"Which gas makes up most of Earth's atmosphere?","[""Oxygen"",""Carbon dioxide"",""Nitrogen"",""Argon""]",2,Science,medium,"Nitrogen makes up about 78% of the atmosphere; oxygen accounts for about 21%.",BBC Bitesize – The Atmosphere,Y6-Y11,true
"What is the name of the force that opposes motion between surfaces?","[""Gravity"",""Tension"",""Friction"",""Normal force""]",2,Science,medium,"Without friction, we would not be able to walk, drive, or even hold objects.",Khan Academy – Forces and Newton's Laws,Y6-Y11,true
"What is the approximate half-life of Carbon-14?","[""1,430 years"",""5,730 years"",""14,300 years"",""57,300 years""]",1,Science,hard,"Archaeologists use carbon-14 dating to determine the age of ancient organic materials.",BBC – Radiocarbon Dating,Y6-Y11,true
"What is Avogadro's number?","[""6.02 × 10²³"",""6.02 × 10²⁴"",""3.01 × 10²³"",""1.38 × 10²³""]",0,Science,hard,"One mole of any substance contains exactly 6.02 × 10²³ particles.",Khan Academy – The Mole,Y6-Y11,true
"Which organelle is responsible for protein synthesis?","[""Mitochondria"",""Golgi body"",""Ribosome"",""Vacuole""]",2,Science,hard,"Ribosomes read the mRNA code to assemble amino acids into proteins.",Khan Academy – Cell Biology,Y6-Y11,true
"What is the Second Law of Thermodynamics concerned with?","[""Conservation of mass"",""Conservation of energy"",""Entropy"",""Wave behaviour""]",2,Science,hard,"Entropy means that disorder in a closed system always increases over time.",Khan Academy – Thermodynamics,Y6-Y11,true
"What type of chemical bond involves the sharing of electron pairs?","[""Ionic bond"",""Covalent bond"",""Metallic bond"",""Hydrogen bond""]",1,Science,hard,"Covalent bonds are found in most molecules essential to life, including DNA and proteins.",Royal Society of Chemistry – Chemical Bonding,Y6-Y11,true
"What is the formula for calculating density?","[""D = M + V"",""D = M × V"",""D = M ÷ V"",""D = V ÷ M""]",2,Science,hard,"Density explains why objects float or sink — less dense objects float on denser liquids.",BBC Bitesize – Density,Y6-Y11,true
"Which part of the brain controls balance and coordination?","[""Cerebrum"",""Cerebellum"",""Medulla"",""Thalamus""]",1,Science,hard,"The cerebellum contains about 50% of the brain's neurons despite being only 10% of its volume.",Khan Academy – The Brain,Y6-Y11,true
"What process do bacteria use to reproduce?","[""Mitosis"",""Meiosis"",""Binary fission"",""Budding""]",2,Science,hard,"Under ideal conditions bacteria can double their population every 20 minutes via binary fission.",BBC Bitesize – Bacteria,Y6-Y11,true
"What is the SI unit of pressure?","[""Newton"",""Joule"",""Pascal"",""Watt""]",2,Science,hard,"Atmospheric pressure at sea level is about 101,325 Pascals, or 1 atmosphere.",Khan Academy – Pressure,Y6-Y11,true
"Which vitamin is synthesised by the human body when exposed to sunlight?","[""Vitamin A"",""Vitamin B12"",""Vitamin C"",""Vitamin D""]",3,Science,hard,"Vitamin D deficiency affects over 1 billion people worldwide and can weaken bones.",National Institutes of Health – Vitamin D,Y6-Y11,true
"What is 12 × 12?","[""132"",""140"",""144"",""148""]",2,Math,easy,"144 is called a perfect square because it is 12 multiplied by itself.",BBC Bitesize – Times Tables,Y6-Y11,true
"What is the next prime number after 7?","[""8"",""9"",""10"",""11""]",3,Math,easy,"A prime number has exactly two factors: 1 and itself.",Khan Academy – Prime Numbers,Y6-Y11,true
"What is 50% of 80?","[""30"",""35"",""40"",""45""]",2,Math,easy,"Percent means 'per hundred', so 50% is simply half of any number.",Khan Academy – Percentages,Y6-Y11,true
"How many sides does a hexagon have?","[""5"",""6"",""7"",""8""]",1,Math,easy,"A regular hexagon is the shape used in honeycombs — the most efficient use of space.",BBC Bitesize – 2D Shapes,Y6-Y11,true
"What is 3³ (3 to the power of 3)?","[""9"",""18"",""27"",""81""]",2,Math,easy,"3³ means 3 × 3 × 3 = 27. Powers are also called exponents or indices.",Khan Academy – Exponents,Y6-Y11,true
"What is the perimeter of a square with side length 5 cm?","[""10 cm"",""15 cm"",""20 cm"",""25 cm""]",2,Math,easy,"Perimeter means the total distance around a shape — for a square it is 4 times one side.",BBC Bitesize – Perimeter,Y6-Y11,true
"Which of these numbers is NOT a multiple of 6?","[""12"",""18"",""22"",""24""]",2,Math,easy,"A multiple of 6 must be divisible by both 2 and 3. 22 is divisible by 2 but not 3.",Khan Academy – Factors and Multiples,Y6-Y11,true
"What is the fraction 3/4 as a percentage?","[""60%"",""70%"",""75%"",""80%""]",2,Math,easy,"To convert a fraction to a percentage, divide the numerator by denominator then multiply by 100.",Khan Academy – Fractions to Percents,Y6-Y11,true
"What is the median of the numbers 3, 5, 7, 9, 11?","[""5"",""7"",""9"",""11""]",1,Math,easy,"The median is the middle value when numbers are arranged in order.",BBC Bitesize – Averages,Y6-Y11,true
"What is the value of 0! (zero factorial)?","[""0"",""1"",""Undefined"",""Infinity""]",1,Math,easy,"By mathematical convention, 0! = 1 because there is exactly one way to arrange zero objects.",Khan Academy – Factorial,Y6-Y11,true
"If 3x − 7 = 14, what is x?","[""5"",""6"",""7"",""8""]",2,Math,medium,"To solve, add 7 to both sides to get 3x = 21, then divide by 3 to get x = 7.",Khan Academy – Linear Equations,Y6-Y11,true
"What is the area of a triangle with base 10 cm and height 8 cm?","[""30 cm²"",""40 cm²"",""50 cm²"",""80 cm²""]",1,Math,medium,"The formula for the area of a triangle is ½ × base × height.",BBC Bitesize – Area,Y6-Y11,true
"What is 2⁸?","[""128"",""256"",""512"",""1024""]",1,Math,medium,"Powers of 2 are fundamental in computing: 2⁸ = 256 possible values for one byte.",Khan Academy – Exponents,Y6-Y11,true
"A circle has diameter 14 cm. What is its circumference? (π ≈ 3.14)","[""22 cm"",""43.96 cm"",""153.86 cm"",""88 cm""]",1,Math,medium,"Circumference = π × diameter. The ratio π (pi) is approximately 3.14159.",BBC Bitesize – Circles,Y6-Y11,true
"What is the LCM of 4 and 6?","[""10"",""12"",""18"",""24""]",1,Math,medium,"The Lowest Common Multiple (LCM) is the smallest number both values divide into evenly.",Khan Academy – LCM and GCF,Y6-Y11,true
"What is the gradient of the line y = 3x + 5?","[""5"",""3"",""8"",""-3""]",1,Math,medium,"In y = mx + c form, m is the gradient and c is the y-intercept.",BBC Bitesize – Straight Line Graphs,Y6-Y11,true
"What is the sum of interior angles of a pentagon?","[""360°"",""450°"",""540°"",""720°""]",2,Math,medium,"The formula for the sum of interior angles is (n − 2) × 180°, where n is the number of sides.",Khan Academy – Polygons,Y6-Y11,true
"What is √225?","[""13"",""14"",""15"",""16""]",2,Math,medium,"225 = 15 × 15, making it a perfect square. The square root undoes the squaring operation.",BBC Bitesize – Square Roots,Y6-Y11,true
"If a rectangle has area 48 cm² and length 8 cm, what is its width?","[""4 cm"",""5 cm"",""6 cm"",""7 cm""]",2,Math,medium,"Area = length × width, so width = 48 ÷ 8 = 6 cm.",Khan Academy – Area of Rectangles,Y6-Y11,true
"What is 0.125 expressed as a fraction?","[""1/4"",""1/6"",""1/8"",""1/12""]",2,Math,medium,"0.125 = 125/1000, which simplifies to 1/8. Dividing 1 by 8 gives 0.125.",Khan Academy – Decimals to Fractions,Y6-Y11,true
"What is the discriminant of x² + 4x + 5 = 0?","[""-4"",""4"",""-16"",""16""]",0,Math,hard,"The discriminant b² − 4ac = 16 − 20 = −4. A negative discriminant means no real roots.",Khan Academy – The Quadratic Formula,Y6-Y11,true
"If log₂(x) = 5, what is x?","[""10"",""16"",""32"",""64""]",2,Math,hard,"log₂(32) = 5 because 2⁵ = 32. Logarithms are the inverse operation of exponentiation.",Khan Academy – Logarithms,Y6-Y11,true
"What is the derivative of f(x) = 3x² + 2x?","[""3x + 2"",""6x + 2"",""6x² + 2"",""9x + 2""]",1,Math,hard,"Using the power rule: multiply the coefficient by the power, then reduce the power by 1.",Khan Academy – Derivatives,Y6-Y11,true
"What is the sum of the interior angles of an octagon?","[""900°"",""1080°"",""1260°"",""1440°""]",1,Math,hard,"(8 − 2) × 180° = 6 × 180° = 1080°. Each interior angle of a regular octagon is 135°.",Khan Academy – Polygons,Y6-Y11,true
"Which equation represents a circle centred at the origin with radius 5?","[""x² + y² = 5"",""x² + y² = 10"",""x² + y² = 25"",""x + y = 25""]",2,Math,hard,"The standard form of a circle centred at the origin is x² + y² = r², so radius 5 gives r² = 25.",Khan Academy – Circles in Coordinate Geometry,Y6-Y11,true
"What is the value of sin(90°)?","[""0"",""0.5"",""1"",""√2/2""]",2,Math,hard,"sin(90°) = 1 is one of the key values to memorise on the unit circle.",Khan Academy – Trigonometry,Y6-Y11,true
"In how many ways can 5 students be arranged in a line?","[""25"",""60"",""120"",""720""]",2,Math,hard,"5! = 5 × 4 × 3 × 2 × 1 = 120. Factorials count the number of permutations.",Khan Academy – Permutations,Y6-Y11,true
"What are the solutions to 2x² − 8 = 0?","[""x = ±2"",""x = ±4"",""x = ±8"",""x = ±16""]",0,Math,hard,"2x² = 8, so x² = 4, giving x = ±2. Both positive and negative roots satisfy the equation.",Khan Academy – Solving Quadratics,Y6-Y11,true
"What is the coefficient of x² in the expansion of (x + 2)³?","[""3"",""6"",""8"",""12""]",1,Math,hard,"(x+2)³ = x³ + 6x² + 12x + 8. Use Pascal's triangle or the binomial theorem to expand.",Khan Academy – Binomial Theorem,Y6-Y11,true
"If tan(θ) = 1 and 0° < θ < 90°, what is θ?","[""30°"",""45°"",""60°"",""90°""]",1,Math,hard,"tan(45°) = 1 because in a right isosceles triangle both legs are equal in length.",Khan Academy – Trigonometry – Tan,Y6-Y11,true
"What is the capital city of Vietnam?","[""Hồ Chí Minh City"",""Đà Nẵng"",""Huế"",""Hà Nội""]",3,Vietnam,easy,"Hà Nội has been a capital city for over 1,000 years and lies on the Sông Hồng.",Vietnam Tourism Authority,Y6-Y11,true
"What is the currency of Vietnam?","[""Baht"",""Đồng"",""Ringgit"",""Peso""]",1,Vietnam,easy,"The Vietnamese đồng has been the official currency since 1978 after reunification.",State Bank of Vietnam,Y6-Y11,true
"What is the traditional Vietnamese long dress called?","[""Hanbok"",""Kimono"",""Áo Dài"",""Batik""]",2,Vietnam,easy,"The Áo Dài became Vietnam's national costume and is worn at schools and formal events.",Vietnam Museum of Ethnology,Y6-Y11,true
"Which is Vietnam's national flower?","[""Hoa Sen (Lotus)"",""Rose"",""Orchid"",""Cherry Blossom""]",0,Vietnam,easy,"The lotus grows from muddy water to bloom beautifully, symbolising purity in Vietnamese culture.",Vietnam Culture Portal,Y6-Y11,true
"What colour is the star on Vietnam's national flag?","[""Blue"",""White"",""Red"",""Yellow""]",3,Vietnam,easy,"The yellow five-pointed star on a red background has been the flag of Vietnam since 1945.",Vietnam Government Portal,Y6-Y11,true
"Which famous Vietnamese dish is a noodle soup with broth and herbs?","[""Pad Thai"",""Phở"",""Bibimbap"",""Rendang""]",1,Vietnam,easy,"Phở originated in northern Vietnam in the early 20th century and is now enjoyed worldwide.",Vietnam National Museum of History,Y6-Y11,true
"What is the tallest mountain in Vietnam?","[""Bạch Mã"",""Fansipan"",""Lang Biang"",""Ngọc Linh""]",1,Vietnam,easy,"Fansipan stands 3,143 metres above sea level and is nicknamed the Roof of Indochina.",Vietnam National Geographic,Y6-Y11,true
"How many provinces and municipalities does Vietnam have?","[""58"",""62"",""63"",""65""]",2,Vietnam,easy,"Vietnam's 63 provinces and cities are divided across three regions: North, Central, and South.",Vietnam Government Portal,Y6-Y11,true
"What body of water borders Vietnam to the east?","[""Biển Đông (East Sea)"",""Pacific Ocean"",""Indian Ocean"",""Gulf of Thailand""]",0,Vietnam,easy,"Vietnam officially calls this sea Biển Đông. Some countries use a different name. It is one of the world's busiest shipping lanes.",Vietnam Ministry of Foreign Affairs,Y6-Y11,true
"What is the largest city in Vietnam by population?","[""Hà Nội"",""Huế"",""Đà Nẵng"",""Hồ Chí Minh City""]",3,Vietnam,easy,"Hồ Chí Minh City, formerly Sài Gòn, is Vietnam's economic hub with over 9 million people.",General Statistics Office of Vietnam,Y6-Y11,true
"In which year did Hồ Chí Minh declare Vietnamese independence?","[""1943"",""1945"",""1954"",""1975""]",1,Vietnam,medium,"Hồ Chí Minh read the Declaration of Independence in Quảng trường Ba Đình, Hà Nội on 2 September 1945.",Vietnam National Museum of History,Y6-Y11,true
"Which river flows through Hà Nội?","[""Mekong River"",""Sông Hương (Perfume River)"",""Sông Hồng (Red River)"",""Sông Mã""]",2,Vietnam,medium,"The Sông Hồng gets its colour from the red silt it carries down from the mountains.",Vietnam Academy of Science and Technology,Y6-Y11,true
"Which UNESCO World Heritage Site is a famous ancient trading port in central Vietnam?","[""Huế"",""Mỹ Sơn"",""Hội An"",""Đà Nẵng""]",2,Vietnam,medium,"Hội An was a major trading port from the 15th to 19th centuries visited by Chinese and Japanese merchants.",UNESCO World Heritage Centre – Hội An,Y6-Y11,true
"Which Vietnamese general commanded forces that defeated three Mongol invasions in the 13th century?","[""Lê Lợi"",""Ngô Quyền"",""Trần Hưng Đạo"",""Nguyễn Huệ""]",2,Vietnam,medium,"Trần Hưng Đạo's famous victory at the Battle of Bạch Đằng River in 1288 ended Mongol ambitions in Vietnam.",Vietnam National Museum of History,Y6-Y11,true
"What is the name of Vietnam's most famous epic poem?","[""Truyện Kiều"",""The Journey South"",""Song of the Homeland"",""Lament of a Soldier""]",0,Vietnam,medium,"Written by Nguyễn Du with 3,254 lines in lục bát verse, it is considered the masterpiece of Vietnamese literature.",Vietnam Ministry of Education and Training,Y6-Y11,true
"In which year did Vietnam join ASEAN?","[""1985"",""1990"",""1995"",""2000""]",2,Vietnam,medium,"Vietnam became the seventh member of ASEAN on 28 July 1995, ending its post-war isolation.",ASEAN Secretariat,Y6-Y11,true
"Which city is known as the City of Bridges in Vietnam?","[""Huế"",""Đà Nẵng"",""Hội An"",""Vinh""]",1,Vietnam,medium,"Đà Nẵng boasts iconic bridges including the Dragon Bridge, which breathes fire on weekends.",Đà Nẵng City Portal,Y6-Y11,true
"What is the name of Vietnam's largest national park, a UNESCO World Heritage Site?","[""Phong Nha-Kẻ Bàng"",""Cát Tiên"",""Bạch Mã"",""Cúc Phương""]",0,Vietnam,medium,"Phong Nha-Kẻ Bàng contains some of the world's largest caves, including Sơn Đoòng.",UNESCO World Heritage Centre,Y6-Y11,true
"In which year did Vietnam host the 31st SEA Games?","[""2019"",""2020"",""2021"",""2022""]",3,Vietnam,medium,"Vietnam hosted the SEA Games in Hà Nội in May 2022 (delayed from 2021) and topped the medal table.",Vietnam Sports Authority,Y6-Y11,true
"Which economic reform policy did Vietnam introduce in 1986?","[""Renovation"",""Đổi Mới"",""Perestroika"",""Glasnost""]",1,Vietnam,medium,"Đổi Mới (Renovation) shifted Vietnam from a centrally planned economy to a market-oriented one.",World Bank – Vietnam Overview,Y6-Y11,true
"Who founded the Nguyễn Dynasty, the last ruling dynasty of Vietnam?","[""Nguyễn Huệ"",""Nguyễn Ánh (Gia Long)"",""Nguyễn Hoàng"",""Minh Mạng""]",1,Vietnam,hard,"Nguyễn Ánh, who took the title Gia Long, reunified Vietnam in 1802 and established Huế as the capital.",Vietnam National Museum of History,Y6-Y11,true
"What was the ancient kingdom of Champa known for?","[""Confucian scholarship"",""Hindu-influenced art and temple complexes"",""Bronze drum culture"",""Maritime silk trade with Europe""]",1,Vietnam,hard,"The Cham people built magnificent Hindu temples at Mỹ Sơn, now a UNESCO World Heritage Site.",UNESCO – Mỹ Sơn Sanctuary,Y6-Y11,true
"In which year was the Communist Party of Vietnam founded?","[""1925"",""1930"",""1935"",""1945""]",1,Vietnam,hard,"Hồ Chí Minh founded the party in Hong Kong on 3 February 1930, uniting three communist factions.",Vietnam Communist Party Historical Records,Y6-Y11,true
"What is the name of the ancient Vietnamese Bronze Age culture known for its elaborate drums?","[""Sa Huỳnh"",""Đông Sơn"",""Óc Eo"",""Hoà Bình""]",1,Vietnam,hard,"Đông Sơn drums, some over 2,500 years old, are considered masterpieces of ancient metalwork.",Vietnam Museum of History,Y6-Y11,true
"What was the formal name of South Vietnam before 1975?","[""Republic of Vietnam"",""State of Vietnam"",""Democratic Republic of Vietnam"",""Socialist Republic of Vietnam""]",0,Vietnam,hard,"The Republic of Vietnam (1955–1975) was based in Sài Gòn and supported by the United States.",Vietnam War Archives,Y6-Y11,true
"In what year did the Battle of Điện Biên Phủ end French colonial rule in Indochina?","[""1950"",""1952"",""1954"",""1956""]",2,Vietnam,hard,"The 57-day battle ended on 7 May 1954, forcing France to sign the Geneva Accords dividing Vietnam.",Vietnam National Museum of Military History,Y6-Y11,true
"According to Vietnamese legend who was the father of the first Hùng Kings and founder of the Văn Lang kingdom?","[""Lạc Long Quân"",""Âu Cơ"",""Kinh Dương Vương"",""An Dương Vương""]",0,Vietnam,hard,"Legend says Lạc Long Quân and Âu Cơ had 100 eggs that hatched into 100 sons — the ancestors of the Vietnamese people.",Vietnam Cultural Heritage Institute,Y6-Y11,true
"Which Vietnamese scholar wrote the Proclamation of Victory over the Wu (Bình Ngô Đại Cáo) in 1428?","[""Nguyễn Trãi"",""Nguyễn Du"",""Lê Lợi"",""Trần Hưng Đạo""]",0,Vietnam,hard,"Nguyễn Trãi's proclamation is regarded as one of the greatest works of Vietnamese political literature.",Vietnam Ministry of Education and Training,Y6-Y11,true
"Which Vietnamese poet is celebrated for her bold Nôm poetry challenging social norms in the 18th century?","[""Nguyễn Du"",""Đoàn Thị Điểm"",""Hồ Xuân Hương"",""Nguyễn Trãi""]",2,Vietnam,hard,"Hồ Xuân Hương is called the Queen of Vietnamese poetry. Her works used wit and double meanings to critique society.",Vietnam Literature Institute,Y6-Y11,true
"What was the name of the Việt Minh strategy of using tunnels and guerrilla tactics during the resistance war?","[""Chinh Phục"",""Tiến Quân"",""People's War"",""Bảo Vệ""]",2,Vietnam,hard,"General Võ Nguyên Giáp's People's War doctrine combined political mobilisation with military strategy.",Vietnam Military History Museum,Y6-Y11,true
"Who was the first person to walk on the Moon?","[""Buzz Aldrin"",""Yuri Gagarin"",""Neil Armstrong"",""Alan Shepard""]",2,History,easy,"Neil Armstrong said 'That's one small step for man, one giant leap for mankind' on 20 July 1969.",NASA – Apollo 11,Y6-Y11,true
"In which country were the first ancient Olympic Games held?","[""Rome"",""Egypt"",""Greece"",""Turkey""]",2,History,easy,"The ancient Olympic Games began in Olympia, Greece in 776 BC and were held every four years.",International Olympic Committee,Y6-Y11,true
"Who painted the Mona Lisa?","[""Michelangelo"",""Raphael"",""Leonardo da Vinci"",""Donatello""]",2,History,easy,"Leonardo began painting the Mona Lisa around 1503. It now hangs in the Louvre Museum in Paris.",The Louvre Museum,Y6-Y11,true
"What was the name of the ship that sank in 1912 after hitting an iceberg?","[""Lusitania"",""Britannic"",""Titanic"",""Olympic""]",2,History,easy,"The Titanic sank in under 3 hours on 15 April 1912, with the loss of over 1,500 lives.",History.com – Titanic,Y6-Y11,true
"Which ancient civilisation built the Great Wall?","[""Japan"",""Mongolia"",""Korea"",""China""]",3,History,easy,"Construction of the Great Wall began over 2,300 years ago and stretches over 21,000 km in total.",UNESCO World Heritage Centre,Y6-Y11,true
"Who was the famous Egyptian queen who allied with Julius Caesar?","[""Nefertiti"",""Isis"",""Cleopatra"",""Hatshepsut""]",2,History,easy,"Cleopatra VII was the last active ruler of the Ptolemaic Kingdom of Egypt and famously spoke 9 languages.",British Museum – Ancient Egypt,Y6-Y11,true
"What was the name of the first artificial satellite launched into space?","[""Apollo 1"",""Explorer 1"",""Vostok 1"",""Sputnik 1""]",3,History,easy,"Sputnik 1 was launched by the Soviet Union on 4 October 1957 and orbited Earth for three months.",NASA History,Y6-Y11,true
"Who was the first President of the United States?","[""Abraham Lincoln"",""Benjamin Franklin"",""Thomas Jefferson"",""George Washington""]",3,History,easy,"George Washington served two terms as the first US President from 1789 to 1797.",White House Historical Association,Y6-Y11,true
"Which war was fought between the Northern and Southern states of the USA?","[""The Revolutionary War"",""The Civil War"",""World War I"",""The Cold War""]",1,History,easy,"The American Civil War (1861–1865) resulted in the abolition of slavery and preservation of the Union.",Library of Congress,Y6-Y11,true
"In which city was the Eiffel Tower constructed?","[""Rome"",""Berlin"",""Madrid"",""Paris""]",3,History,easy,"The Eiffel Tower was built by Gustave Eiffel as the entrance arch for the 1889 World's Fair.",Paris Tourism Office,Y6-Y11,true
"In which year did World War I begin?","[""1910"",""1912"",""1914"",""1916""]",2,History,medium,"WWI began after the assassination of Archduke Franz Ferdinand of Austria in Sarajevo.",BBC History – World War One,Y6-Y11,true
"What was the name of the global economic crisis that began in 1929?","[""The Great Recession"",""The Great Depression"",""Black Tuesday Crash"",""The Wall Street Crisis""]",1,History,medium,"The Great Depression led to mass unemployment and lasted throughout the 1930s.",History.com – Great Depression,Y6-Y11,true
"Who was the leader of the Soviet Union during World War II?","[""Lenin"",""Khrushchev"",""Stalin"",""Trotsky""]",2,History,medium,"Stalin led the Soviet Union from 1924 until his death in 1953, spanning WWII and early Cold War.",BBC History – Stalin,Y6-Y11,true
"In which year did the Berlin Wall fall?","[""1985"",""1987"",""1989"",""1991""]",2,History,medium,"The Berlin Wall fell on 9 November 1989, leading to German reunification in 1990.",BBC History – Berlin Wall,Y6-Y11,true
"Who led India's independence movement against British rule?","[""Jawaharlal Nehru"",""Rabindranath Tagore"",""Mahatma Gandhi"",""Bhagat Singh""]",2,History,medium,"Gandhi's non-violent civil disobedience movement inspired independence movements worldwide.",National Gandhi Museum,Y6-Y11,true
"What was the name of Japan's surprise attack on the US naval base in 1941?","[""Battle of Midway"",""Attack on Pearl Harbor"",""Battle of Guadalcanal"",""Invasion of Philippines""]",1,History,medium,"The attack on Pearl Harbor on 7 December 1941 brought the United States into World War II.",National WWII Museum,Y6-Y11,true
"Which empire is considered the largest contiguous land empire in history?","[""Roman Empire"",""British Empire"",""Mongol Empire"",""Ottoman Empire""]",2,History,medium,"At its peak in 1279, the Mongol Empire covered about 24 million square kilometres.",National Geographic – Mongol Empire,Y6-Y11,true
"In which year did Nelson Mandela become President of South Africa?","[""1990"",""1992"",""1994"",""1996""]",2,History,medium,"Mandela became South Africa's first democratically elected president after 27 years in prison.",Nobel Prize – Nelson Mandela,Y6-Y11,true
"What document declared the independence of the USA in 1776?","[""The Magna Carta"",""The Constitution"",""The Declaration of Independence"",""The Bill of Rights""]",2,History,medium,"Thomas Jefferson drafted most of the Declaration, which was adopted on 4 July 1776.",National Archives – Declaration of Independence,Y6-Y11,true
"Which ancient wonder of the world still exists today?","[""Hanging Gardens of Babylon"",""Colossus of Rhodes"",""Great Pyramid of Giza"",""Lighthouse of Alexandria""]",2,History,medium,"The Great Pyramid of Giza was built around 2560 BC and remained the world's tallest structure for 3,800 years.",UNESCO World Heritage Centre,Y6-Y11,true
"The Treaty of Westphalia (1648) ended which major European conflict?","[""The Hundred Years War"",""The Thirty Years War"",""The Crusades"",""The War of the Roses""]",1,History,hard,"The Treaty of Westphalia established the modern concept of nation-state sovereignty.",Encyclopaedia Britannica – Thirty Years War,Y6-Y11,true
"Which Chinese dynasty first unified China under one ruler in 221 BC?","[""Han"",""Ming"",""Tang"",""Qin""]",3,History,hard,"Qin Shi Huang became the first Emperor of China and ordered construction of the Great Wall.",National Museum of China,Y6-Y11,true
"Who wrote The Communist Manifesto alongside Friedrich Engels?","[""Vladimir Lenin"",""Leon Trotsky"",""Karl Marx"",""Mao Zedong""]",2,History,hard,"The Communist Manifesto was published in 1848 and ends with the famous words 'Workers of the world, unite!'",British Library – Karl Marx,Y6-Y11,true
"The Meiji Restoration of 1868 rapidly modernised which country?","[""China"",""Korea"",""Japan"",""Vietnam""]",2,History,hard,"The Meiji Restoration transformed Japan from a feudal society into a modern industrial nation within 50 years.",Encyclopaedia Britannica – Meiji Restoration,Y6-Y11,true
"Which pharaoh built the Great Pyramid of Giza?","[""Ramesses II"",""Tutankhamun"",""Khufu"",""Cleopatra""]",2,History,hard,"Khufu's pyramid was built with approximately 2.3 million stone blocks, each weighing 2.5–15 tonnes.",National Geographic – Pyramids,Y6-Y11,true
"The Magna Carta was signed in which year?","[""1066"",""1215"",""1348"",""1453""]",1,History,hard,"The Magna Carta limited the power of the English king and is a cornerstone of modern constitutional law.",British Library – Magna Carta,Y6-Y11,true
"What Cold War crisis in 1962 brought the USA and USSR closest to nuclear war?","[""Berlin Crisis"",""Cuban Missile Crisis"",""Korean War"",""Sputnik Crisis""]",1,History,hard,"The 13-day standoff in October 1962 ended when Soviet ships turned back and missiles were removed from Cuba.",JFK Presidential Library,Y6-Y11,true
"Which Mongol leader founded the largest contiguous land empire in history?","[""Kublai Khan"",""Tamerlane"",""Genghis Khan"",""Ogedei Khan""]",2,History,hard,"Genghis Khan united the Mongol tribes in 1206 and launched conquests across Asia and into Eastern Europe.",National Geographic – Genghis Khan,Y6-Y11,true
"In which year did the fall of Constantinople mark the end of the Byzantine Empire?","[""1389"",""1421"",""1453"",""1492""]",2,History,hard,"The Ottoman Sultan Mehmed II conquered Constantinople in 1453, ending 1,000 years of the Byzantine Empire.",Encyclopaedia Britannica – Fall of Constantinople,Y6-Y11,true
"The assassination of which Archduke triggered World War I?","[""Archduke Otto"",""Archduke Franz Ferdinand"",""Archduke Karl"",""Archduke Rudolf""]",1,History,hard,"Franz Ferdinand was assassinated in Sarajevo on 28 June 1914 by Gavrilo Princip.",BBC History – WWI Causes,Y6-Y11,true
"What is the longest river in the world?","[""Amazon"",""Congo"",""Mississippi"",""Nile""]",3,Geography,easy,"The Nile stretches 6,650 km through northeastern Africa and empties into the Mediterranean Sea.",National Geographic – Nile River,Y6-Y11,true
"On which continent is the Sahara Desert located?","[""Asia"",""Australia"",""South America"",""Africa""]",3,Geography,easy,"The Sahara is the world's largest hot desert, covering about 9 million km² across North Africa.",National Geographic – Sahara,Y6-Y11,true
"What is the capital city of Japan?","[""Osaka"",""Kyoto"",""Tokyo"",""Hiroshima""]",2,Geography,easy,"Tokyo is the world's most populous metropolitan area with over 37 million people.",JNTO – Tokyo,Y6-Y11,true
"Which is the smallest country in the world by area?","[""Monaco"",""San Marino"",""Liechtenstein"",""Vatican City""]",3,Geography,easy,"Vatican City covers just 0.44 km² inside Rome and is the headquarters of the Roman Catholic Church.",CIA World Factbook – Vatican City,Y6-Y11,true
"What is the largest ocean on Earth?","[""Atlantic"",""Indian"",""Arctic"",""Pacific""]",3,Geography,easy,"The Pacific Ocean covers more area than all of Earth's landmasses combined.",NOAA – Pacific Ocean,Y6-Y11,true
"Which mountain is the tallest in the world?","[""K2"",""Kangchenjunga"",""Mount Everest"",""Lhotse""]",2,Geography,easy,"Mount Everest stands 8,848.86 metres above sea level on the border of Nepal and Tibet.",National Geographic – Everest,Y6-Y11,true
"What is the capital city of Australia?","[""Sydney"",""Melbourne"",""Brisbane"",""Canberra""]",3,Geography,easy,"Many people guess Sydney or Melbourne, but Canberra was purpose-built as the capital in 1913.",Tourism Australia,Y6-Y11,true
"What is the name of the line that divides Earth into Northern and Southern hemispheres?","[""Prime Meridian"",""Tropic of Cancer"",""Equator"",""Arctic Circle""]",2,Geography,easy,"Countries on the equator include Ecuador, Kenya, Indonesia, and Colombia.",National Geographic – Equator,Y6-Y11,true
"Which country has the largest population in the world as of 2024?","[""USA"",""India"",""China"",""Russia""]",1,Geography,easy,"India surpassed China in 2023 to become the world's most populous country with over 1.4 billion people.",United Nations Population Fund,Y6-Y11,true
"On which continent is Brazil located?","[""Central America"",""North America"",""Africa"",""South America""]",3,Geography,easy,"Brazil is the largest country in South America and the fifth largest in the world.",CIA World Factbook – Brazil,Y6-Y11,true
"What is the name of the deepest lake in the world?","[""Lake Superior"",""Caspian Sea"",""Lake Baikal"",""Lake Tanganyika""]",2,Geography,medium,"Lake Baikal in Russia is 1,642 metres deep and contains about 20% of the world's surface fresh water.",UNESCO World Heritage – Baikal,Y6-Y11,true
"What is the body of water between Europe and North Africa?","[""Red Sea"",""Caspian Sea"",""Mediterranean Sea"",""Arabian Sea""]",2,Geography,medium,"The Mediterranean Sea was the centre of ancient civilisations including Greek, Roman, and Phoenician cultures.",National Geographic – Mediterranean,Y6-Y11,true
"What is the capital of Canada?","[""Toronto"",""Vancouver"",""Montreal"",""Ottawa""]",3,Geography,medium,"Ottawa became Canada's capital in 1857, chosen partly because of its location on the border of Ontario and Quebec.",Government of Canada,Y6-Y11,true
"Which African country has more ancient pyramids than Egypt?","[""Ethiopia"",""Libya"",""Sudan"",""Morocco""]",2,Geography,medium,"Sudan's Nubian pyramids, built by the ancient Kushite kingdoms, number over 200 — more than Egypt's 138.",National Geographic – Nubian Pyramids,Y6-Y11,true
"What is the capital of Brazil?","[""Rio de Janeiro"",""Sao Paulo"",""Salvador"",""Brasilia""]",3,Geography,medium,"Brasilia was purpose-built as Brazil's new capital and was inaugurated in 1960.",UNESCO World Heritage – Brasilia,Y6-Y11,true
"Which country has the longest coastline in the world?","[""Australia"",""USA"",""Norway"",""Canada""]",3,Geography,medium,"Canada's coastline is approximately 202,080 km long, including its many islands.",CIA World Factbook – Canada,Y6-Y11,true
"What is the name of the world's largest rainforest?","[""Congo Rainforest"",""Amazon Rainforest"",""Borneo Rainforest"",""Daintree Rainforest""]",1,Geography,medium,"The Amazon Rainforest produces about 20% of the world's oxygen and houses 10% of all species on Earth.",WWF – Amazon,Y6-Y11,true
"What is the Bosphorus?","[""A mountain range in Turkey"",""A strait dividing Europe and Asia at Istanbul"",""A river running through Eastern Europe"",""A desert in Central Asia""]",1,Geography,medium,"The Bosphorus is one of the world's most strategic waterways, connecting the Black Sea to the Marmara Sea.",Encyclopaedia Britannica – Bosphorus,Y6-Y11,true
"What is the name of the sea between Saudi Arabia and Africa?","[""Mediterranean Sea"",""Caspian Sea"",""Red Sea"",""Arabian Sea""]",2,Geography,medium,"The Red Sea gets its name from seasonal algae blooms that give the water a reddish tinge.",National Geographic – Red Sea,Y6-Y11,true
"Which country is both in Europe and Asia?","[""Georgia"",""Armenia"",""Turkey"",""Kazakhstan""]",2,Geography,medium,"Turkey straddles the Bosphorus strait; the city of Istanbul itself lies on both continents.",National Geographic – Turkey,Y6-Y11,true
"What is the name of the tectonic plate underlying most of the Pacific Ocean?","[""Pacific Plate"",""Nazca Plate"",""Indo-Australian Plate"",""Eurasian Plate""]",0,Geography,hard,"The Pacific Plate is the largest tectonic plate and is responsible for the Ring of Fire volcanic zone.",USGS – Plate Tectonics,Y6-Y11,true
"What is the name of the weather phenomenon where Pacific Ocean surface temperatures rise abnormally?","[""La Niña"",""El Niño"",""Monsoon"",""Trade Wind Effect""]",1,Geography,hard,"El Niño can cause droughts in Australia and Southeast Asia while bringing heavy rains to South America.",NOAA – El Niño,Y6-Y11,true
"Which mountain range is conventionally used to mark the boundary between Europe and Asia?","[""Alps"",""Carpathians"",""Ural Mountains"",""Caucasus""]",2,Geography,hard,"The Ural Mountains stretch 2,500 km from the Arctic Ocean to the Ural River in Russia.",Encyclopaedia Britannica – Ural Mountains,Y6-Y11,true
"What is the name of the world's largest river delta, located in Bangladesh and India?","[""Nile Delta"",""Ganges-Brahmaputra Delta"",""Amazon Delta"",""Niger Delta""]",1,Geography,hard,"The Sundarbans mangrove forest in the Ganges-Brahmaputra delta is the largest mangrove forest in the world.",UNESCO World Heritage – Sundarbans,Y6-Y11,true
"What is the name of the deepest point in all of Earth's oceans?","[""Puerto Rico Trench"",""Java Trench"",""Challenger Deep"",""Diamantina Trench""]",2,Geography,hard,"Challenger Deep in the Mariana Trench is about 11,034 metres below sea level — deeper than Everest is tall.",NOAA – Mariana Trench,Y6-Y11,true
"Which country has the most UNESCO World Heritage Sites?","[""France"",""China"",""Italy"",""Spain""]",2,Geography,hard,"Italy has 58 UNESCO World Heritage Sites as of 2023, more than any other country.",UNESCO World Heritage List,Y6-Y11,true
"What ocean current helps keep Western Europe warmer than its latitude would suggest?","[""California Current"",""Labrador Current"",""Gulf Stream"",""Humboldt Current""]",2,Geography,hard,"The Gulf Stream transports warm water from the Gulf of Mexico northeastward across the Atlantic.",NOAA – Gulf Stream,Y6-Y11,true
"What percentage of Earth's surface is covered by water?","[""51%"",""61%"",""71%"",""81%""]",2,Geography,hard,"Despite 71% water coverage, only 3% is freshwater, and two-thirds of that is frozen in glaciers.",USGS – Water Resources,Y6-Y11,true
"In which country was the Khmer Empire, which built Angkor Wat, based?","[""Vietnam"",""Thailand"",""Cambodia"",""Laos""]",2,Geography,hard,"Angkor Wat in Cambodia is the world's largest religious monument, built in the 12th century.",UNESCO World Heritage – Angkor,Y6-Y11,true
"How many planets are in our solar system?","[""7"",""8"",""9"",""10""]",1,Space,easy,"Pluto was reclassified as a dwarf planet in 2006 by the International Astronomical Union.",NASA – Our Solar System,Y6-Y11,true
"What is Earth's natural satellite called?","[""Phobos"",""Titan"",""Europa"",""The Moon""]",3,Space,easy,"The Moon is the fifth largest natural satellite in the solar system and the only one humans have visited.",NASA – The Moon,Y6-Y11,true
"Which planet is the largest in our solar system?","[""Saturn"",""Neptune"",""Uranus"",""Jupiter""]",3,Space,easy,"Jupiter is so large that all other planets in the solar system could fit inside it.",NASA – Jupiter,Y6-Y11,true
"What colour is Mars?","[""Blue"",""Green"",""Yellow"",""Red""]",3,Space,easy,"Mars appears red because its surface is covered in iron oxide, which is essentially rust.",NASA – Mars,Y6-Y11,true
"Which planet has the most famous ring system?","[""Mars"",""Venus"",""Mercury"",""Saturn""]",3,Space,easy,"Saturn's rings are made of billions of ice particles and rock fragments orbiting the planet.",NASA – Saturn,Y6-Y11,true
"What does NASA stand for?","[""North American Space Agency"",""National Aeronautics and Space Administration"",""National Astronomy and Space Association"",""New American Space Authority""]",1,Space,easy,"NASA was established in 1958 and has led missions including Apollo, the Space Shuttle, and Mars rovers.",NASA – About,Y6-Y11,true
"How long does it take Earth to orbit the Sun?","[""24 hours"",""28 days"",""365.25 days"",""10 years""]",2,Space,easy,"The 0.25 extra days each year is why we add a leap day every four years.",NASA – Earth's Motion,Y6-Y11,true
"What is a shooting star?","[""A dying star"",""A comet"",""A meteoroid burning up in Earth's atmosphere"",""A small planet""]",2,Space,easy,"Most meteors are tiny particles of dust that burn up completely before reaching the ground.",NASA – Meteors,Y6-Y11,true
"What is the star at the centre of our solar system?","[""Sirius"",""Alpha Centauri"",""Polaris"",""The Sun""]",3,Space,easy,"The Sun accounts for 99.86% of the total mass of the solar system.",NASA – The Sun,Y6-Y11,true
"What force keeps planets in orbit around the Sun?","[""Magnetism"",""Electrostatic force"",""Nuclear force"",""Gravity""]",3,Space,easy,"Gravity follows Newton's inverse square law — the further away, the weaker the gravitational pull.",Khan Academy – Gravity,Y6-Y11,true
"Which galaxy is on a collision course with the Milky Way?","[""Triangulum Galaxy"",""Whirlpool Galaxy"",""Andromeda Galaxy"",""Sombrero Galaxy""]",2,Space,medium,"Andromeda will collide with the Milky Way in about 4.5 billion years, forming a new elliptical galaxy.",NASA – Andromeda Collision,Y6-Y11,true
"What type of star is the Sun classified as?","[""Red giant"",""White dwarf"",""Yellow dwarf"",""Blue supergiant""]",2,Space,medium,"The Sun is a G-type main-sequence star about 4.6 billion years old, with another 5 billion years of life left.",NASA – Sun Facts,Y6-Y11,true
"What is the name of the boundary around a black hole beyond which nothing can escape?","[""Corona"",""Singularity"",""Event Horizon"",""Photon Sphere""]",2,Space,medium,"Beyond the event horizon, even light cannot escape — which is why black holes appear black.",NASA – Black Holes,Y6-Y11,true
"What is the rocky belt between Mars and Jupiter called?","[""Kuiper Belt"",""Oort Cloud"",""Asteroid Belt"",""Scattered Disc""]",2,Space,medium,"The Asteroid Belt contains millions of rocky bodies, but their total mass is less than Earth's Moon.",NASA – Asteroid Belt,Y6-Y11,true
"Which space telescope was launched in 1990 and revolutionised our view of the universe?","[""James Webb Telescope"",""Spitzer Space Telescope"",""Hubble Space Telescope"",""Chandra X-ray Observatory""]",2,Space,medium,"Hubble has made over 1.5 million observations and helped determine the age of the universe.",NASA – Hubble,Y6-Y11,true
"How many Earth days does Mars take to orbit the Sun?","[""365"",""465"",""587"",""687""]",3,Space,medium,"A year on Mars is 687 Earth days, so a Martian year is almost twice as long as an Earth year.",NASA – Mars Exploration,Y6-Y11,true
"What is Saturn's largest moon?","[""Titan"",""Enceladus"",""Rhea"",""Iapetus""]",0,Space,medium,"Titan has a thick atmosphere and liquid methane lakes, making it one of the most Earth-like bodies in our solar system.",NASA – Titan,Y6-Y11,true
"Which country launched the first human into space?","[""USA"",""China"",""Germany"",""USSR""]",3,Space,medium,"Yuri Gagarin of the Soviet Union became the first human in space on 12 April 1961.",NASA History – Yuri Gagarin,Y6-Y11,true
"What is a pulsar?","[""A type of comet"",""A rapidly rotating neutron star emitting radiation beams"",""A binary star system"",""A type of small black hole""]",1,Space,medium,"Pulsars rotate so fast that some complete over 700 rotations per second, acting like cosmic lighthouses.",NASA – Pulsars,Y6-Y11,true
"What is the asteroid that is considered the most likely to pass close to Earth in the next century?","[""Apophis"",""Ceres"",""Bennu"",""Vesta""]",0,Space,medium,"Apophis, discovered in 2004, will pass very close to Earth in 2029 but is not expected to impact us.",NASA Planetary Defense,Y6-Y11,true
"What is the Chandrasekhar limit?","[""Maximum mass of a white dwarf star"",""Minimum temperature of a star"",""Distance at which gravity becomes irrelevant"",""Speed of light in a medium""]",0,Space,hard,"Above 1.4 solar masses, a white dwarf will collapse into a neutron star or trigger a supernova.",Nobel Prize – Subrahmanyan Chandrasekhar,Y6-Y11,true
"What causes the redshift observed in light from distant galaxies?","[""The galaxies are cooling"",""The galaxies are moving away from us"",""Dust interference"",""Gravitational lensing""]",1,Space,hard,"Redshift is the Doppler effect for light — it is key evidence that the universe is expanding.",NASA – Hubble's Law,Y6-Y11,true
"Which Apollo mission first landed humans on the Moon?","[""Apollo 10"",""Apollo 11"",""Apollo 12"",""Gemini 12""]",1,Space,hard,"Apollo 11 landed on the Sea of Tranquility on 20 July 1969. Neil Armstrong and Buzz Aldrin walked on the surface.",NASA – Apollo 11,Y6-Y11,true
"What is the theoretical point of infinite density at the centre of a black hole?","[""Event horizon"",""Photon sphere"",""Singularity"",""Neutron core""]",2,Space,hard,"At the singularity, all known laws of physics break down. Its true nature remains one of science's greatest mysteries.",NASA – Black Holes,Y6-Y11,true
"How far is one light-year in kilometres (approximately)?","[""9.46 trillion km"",""1.5 billion km"",""150 million km"",""946 billion km""]",0,Space,hard,"A light-year is the distance light travels in one year — about 9,460,000,000,000 kilometres.",NASA – Light Year,Y6-Y11,true
"What percentage of the universe is estimated to be dark matter?","[""About 5%"",""About 27%"",""About 68%"",""About 95%""]",1,Space,hard,"Dark matter cannot be seen directly but its gravitational effects shape galaxies and large-scale structure.",NASA – Dark Matter,Y6-Y11,true
"What phenomenon occurs when a massive star exhausts its nuclear fuel and explodes?","[""Nova"",""Hypernova"",""Supernova"",""Gamma-ray burst""]",2,Space,hard,"A supernova can briefly outshine an entire galaxy and produce elements heavier than iron.",NASA – Supernovae,Y6-Y11,true
"What is the approximate age of the universe?","[""4.6 billion years"",""8.2 billion years"",""13.8 billion years"",""20 billion years""]",2,Space,hard,"Scientists calculated the 13.8 billion year age using the Cosmic Microwave Background radiation.",NASA – Age of the Universe,Y6-Y11,true
"Which of Kepler's laws states that a planet sweeps equal areas in equal times?","[""Kepler's First Law"",""Kepler's Second Law"",""Kepler's Third Law"",""Newton's Law of Gravitation""]",1,Space,hard,"Kepler's Second Law explains why planets move faster when closer to the Sun and slower when farther away.",Khan Academy – Kepler's Laws,Y6-Y11,true
"What is the name of the first artificial satellite launched into space in 1957?","[""Vostok 1"",""Sputnik 1"",""Luna 1"",""Cosmos 1""]",1,Space,hard,"Sputnik 1 was a polished metal sphere 58 cm in diameter that transmitted radio signals for three weeks.",NASA History – Sputnik,Y6-Y11,true
"How many players are on each side in a volleyball match?","[""4"",""5"",""6"",""7""]",2,Sports,easy,"A volleyball court is 18 metres long and 9 metres wide, divided by a net.",FIVB – Volleyball Rules,Y6-Y11,true
"In which sport do players use a shuttlecock?","[""Tennis"",""Table Tennis"",""Badminton"",""Squash""]",2,Sports,easy,"A shuttlecock can travel at speeds over 400 km/h in professional badminton — the fastest racket sport.",Badminton World Federation,Y6-Y11,true
"What is the term for scoring three goals in a single football match by one player?","[""Hat-trick"",""Turkey"",""Triple"",""Trifecta""]",0,Sports,easy,"The term hat-trick originally comes from cricket in the 1800s, where a bowler received a hat for taking 3 wickets.",FIFA,Y6-Y11,true
"How many holes are in a standard game of golf?","[""9"",""12"",""18"",""24""]",2,Sports,easy,"The 18-hole standard was set by St Andrews Golf Club in Scotland in 1858.",The R&A – Golf Rules,Y6-Y11,true
"How long is a standard marathon race?","[""36.2 km"",""40.2 km"",""42.195 km"",""45 km""]",2,Sports,easy,"The marathon distance was standardised in 1921. The current world record is just over 2 hours.",World Athletics,Y6-Y11,true
"How many players from each team are on a rugby union pitch?","[""13"",""14"",""15"",""16""]",2,Sports,easy,"Rugby league uses 13 players per team, while rugby union uses 15.",World Rugby,Y6-Y11,true
"In swimming, which stroke is typically the fastest?","[""Breaststroke"",""Backstroke"",""Butterfly"",""Freestyle""]",3,Sports,easy,"Freestyle (front crawl) is the fastest competitive stroke and is used in open-water swimming races.",World Aquatics,Y6-Y11,true
"What colour is the centre ring of the five Olympic rings?","[""Blue"",""Black"",""Red"",""Yellow""]",1,Sports,easy,"From left to right the Olympic rings are: blue, yellow, black, green, red.",International Olympic Committee,Y6-Y11,true
"How many balls are in a standard over in cricket?","[""4"",""5"",""6"",""8""]",2,Sports,easy,"An over consists of 6 legal deliveries bowled consecutively by the same bowler.",ICC – Cricket Rules,Y6-Y11,true
"In basketball, what is the term for scoring through the hoop while hanging on the rim?","[""Lay-up"",""Slam dunk"",""Alley-oop"",""Fadeaway""]",1,Sports,easy,"The slam dunk was popularised by NBA legends including Michael Jordan and Wilt Chamberlain.",NBA Official Rules,Y6-Y11,true
"What is the highest score achievable in a single bowling game?","[""200"",""250"",""300"",""350""]",2,Sports,medium,"A perfect 300 game requires 12 consecutive strikes — all 10 pins down on every roll.",United States Bowling Congress,Y6-Y11,true
"What is the term for a score of zero in a tennis game?","[""Zero"",""Nil"",""Love"",""Blank""]",2,Sports,medium,"The term 'love' in tennis is believed to come from the French word 'l'oeuf' meaning egg, shaped like zero.",Wimbledon Official,Y6-Y11,true
"Which country has won the most FIFA World Cup titles?","[""Germany"",""Argentina"",""Italy"",""Brazil""]",3,Sports,medium,"Brazil has won the World Cup five times: 1958, 1962, 1970, 1994, and 2002.",FIFA World Cup,Y6-Y11,true
"What is the world record time for the men's 100m sprint set by Usain Bolt?","[""9.48s"",""9.58s"",""9.69s"",""9.72s""]",1,Sports,medium,"Usain Bolt set the world record of 9.58 seconds at the 2009 World Championships in Berlin.",World Athletics – Records,Y6-Y11,true
"In tennis, how many sets does a player need to win a best-of-five match?","[""2"",""3"",""4"",""5""]",1,Sports,medium,"Best-of-five sets are used at Grand Slam tournaments for men's singles matches.",Wimbledon Official,Y6-Y11,true
"Has Vietnam ever qualified for the FIFA World Cup?","[""Yes, in 1998"",""Yes, in 2002"",""Yes, in 2006"",""No, Vietnam has not yet qualified""]",3,Sports,medium,"Vietnam has competed in World Cup qualifying but has not yet reached the final tournament.",FIFA – Đội Tuyển Việt Nam,Y6-Y11,true
"What is the length of an Olympic swimming pool?","[""25m"",""40m"",""50m"",""100m""]",2,Sports,medium,"Olympic pools are exactly 50m long, 25m wide, and at least 2m deep with 10 lanes.",World Aquatics,Y6-Y11,true
"In which sport would you perform an Axel jump?","[""Gymnastics"",""Figure Skating"",""Ski Jumping"",""Trampolining""]",1,Sports,medium,"The Axel is considered the most difficult figure skating jump because it is the only one launched from a forward edge.",ISU – Figure Skating,Y6-Y11,true
"What is the term for winning a game in tennis without the opponent scoring a single point?","[""Bagel set"",""Love game"",""Whitewash"",""Golden set""]",1,Sports,medium,"A 'love game' means one player wins all four points. A 'bagel' refers to winning a whole set 6-0.",Wimbledon Official,Y6-Y11,true
"How many gold medals did Vietnam win at the 2022 SEA Games held in Hà Nội?","[""158"",""175"",""205"",""220""]",2,Sports,medium,"Vietnam topped the medal table at the 31st SEA Games (Đại Hội Thể Thao Đông Nam Á), winning 205 gold medals on home soil.",Vietnam Sports Authority,Y6-Y11,true
"What is the maximum number of personal fouls before a player fouls out in NBA basketball?","[""4"",""5"",""6"",""7""]",2,Sports,hard,"In the NBA, 6 fouls lead to disqualification. In FIBA international play, the limit is 5.",NBA Official Rules,Y6-Y11,true
"In cycling, what is the name of the prestigious French multi-stage race held every July?","[""Giro d'Italia"",""Vuelta a Espana"",""Tour de France"",""Paris-Roubaix""]",2,Sports,hard,"The Tour de France covers about 3,500 km over 21 stages. The leader wears the iconic yellow jersey.",Tour de France Official,Y6-Y11,true
"What is the term for a score of one under par on a golf hole?","[""Eagle"",""Bogey"",""Birdie"",""Albatross""]",2,Sports,hard,"Golf scoring uses bird names: birdie (-1), eagle (-2), albatross (-3). Bogey (+1) is one over par.",PGA Tour,Y6-Y11,true
"In which year were the first modern Olympic Games held?","[""1888"",""1892"",""1896"",""1900""]",2,Sports,hard,"The first modern Olympics were held in Athens, Greece in 1896, reviving the ancient tradition.",International Olympic Committee,Y6-Y11,true
"How many hurdles are there in a standard 110m hurdles race?","[""8"",""10"",""12"",""14""]",1,Sports,hard,"There are 10 hurdles in 110m hurdles, each 1.067m high for men, spaced 9.14m apart.",World Athletics – Rules,Y6-Y11,true
"In fencing, what is the name of the weapon that allows hits on the entire body?","[""Foil"",""Epee"",""Sabre"",""Rapier""]",1,Sports,hard,"The epee is the heaviest of the three fencing weapons and targets the entire body.",FIE – Fencing Rules,Y6-Y11,true
"What is the name of the move in wrestling where a competitor lifts the opponent and slams them to the mat?","[""Suplex"",""Chokeslam"",""Piledriver"",""Body slam""]",0,Sports,hard,"The suplex comes from Greco-Roman wrestling and is one of the most fundamental throws.",United World Wrestling,Y6-Y11,true
"Which country has won the most total Olympic gold medals in history?","[""China"",""UK"",""USSR/Russia"",""USA""]",3,Sports,hard,"The United States leads the all-time Olympic gold medal tally with over 1,000 gold medals.",International Olympic Committee – Medal Database,Y6-Y11,true
"In cricket, what is a 'duck'?","[""A delivery that bounces twice"",""A batsman dismissed for zero runs"",""A shot played along the ground"",""When a fielder drops a catch""]",1,Sports,hard,"A golden duck means out first ball. The word comes from 'duck's egg', which looks like a zero.",ICC – Cricket Glossary,Y6-Y11,true
"What is the regulation height of a basketball hoop in the NBA?","[""2.74m"",""2.90m"",""3.05m"",""3.20m""]",2,Sports,hard,"The 10-foot (3.05m) hoop height has been the standard since James Naismith invented basketball in 1891.",NBA Official Rules,Y6-Y11,true
"What does USB stand for?","[""Universal Serial Bus"",""Universal System Board"",""Unified Service Base"",""Universal Software Bridge""]",0,Technology,easy,"USB was introduced in 1996 to standardise the connection of devices to personal computers.",USB Implementers Forum,Y6-Y11,true
"What does 'www' stand for in a web address?","[""World Wide Web"",""Wide World Website"",""Web World Wide"",""World Web Window""]",0,Technology,easy,"Tim Berners-Lee invented the World Wide Web in 1989 at CERN in Switzerland.",CERN – History of the Web,Y6-Y11,true
"What does RAM stand for in computing?","[""Random Access Memory"",""Read and Modify"",""Rapid Application Module"",""Remote Access Module""]",0,Technology,easy,"RAM temporarily stores data the CPU is actively using — more RAM means smoother multitasking.",Khan Academy – Computer Components,Y6-Y11,true
"What is the name of Apple's virtual assistant?","[""Cortana"",""Alexa"",""Google Assistant"",""Siri""]",3,Technology,easy,"Siri was the first mainstream AI voice assistant, launched with the iPhone 4S in 2011.",Apple – Siri,Y6-Y11,true
"What does 'PDF' stand for?","[""Portable Document Format"",""Printable Data File"",""Personal Document File"",""Permanent Display Format""]",0,Technology,easy,"PDF was developed by Adobe Systems in 1992 so documents look the same on any device.",Adobe – PDF History,Y6-Y11,true
"What programming language is most associated with web interactivity?","[""Java"",""Python"",""JavaScript"",""C++""]",2,Technology,easy,"JavaScript runs directly in web browsers and powers interactive features on nearly every website.",MDN Web Docs – JavaScript,Y6-Y11,true
"Which company created the Windows operating system?","[""Apple"",""Google"",""IBM"",""Microsoft""]",3,Technology,easy,"Windows 1.0 was launched in 1985 and Windows is still the world's most used desktop operating system.",Microsoft – Windows History,Y6-Y11,true
"What is the most popular search engine in the world?","[""Bing"",""Yahoo"",""DuckDuckGo"",""Google""]",3,Technology,easy,"Google handles over 8.5 billion searches per day, accounting for about 92% of global search traffic.",Statista – Search Engine Market Share,Y6-Y11,true
"What does 'WiFi' allow devices to do?","[""Connect to power wirelessly"",""Store more data"",""Connect to the internet wirelessly"",""Run faster programs""]",2,Technology,easy,"WiFi uses radio waves to transmit data wirelessly. The name is a brand, not an abbreviation.",Wi-Fi Alliance,Y6-Y11,true
"Which company developed the Android mobile operating system?","[""Apple"",""Microsoft"",""Google"",""Samsung""]",2,Technology,easy,"Android is the world's most popular mobile OS with over 3 billion active devices worldwide.",Google – Android,Y6-Y11,true
"What is the difference between RAM and ROM?","[""RAM is faster than ROM"",""ROM is temporary and RAM is permanent"",""RAM is temporary and ROM is permanent"",""RAM is for storage only""]",2,Technology,medium,"RAM loses data when power is off; ROM retains data permanently. Your phone's OS is stored in ROM.",Khan Academy – Computer Memory,Y6-Y11,true
"What does 'HTML' stand for?","[""Hyper Text Markup Language"",""High Transfer Markup Language"",""Hyper Transfer Module Language"",""Home Tool Markup Language""]",0,Technology,medium,"HTML is the standard language for creating web pages, first introduced by Tim Berners-Lee in 1991.",MDN Web Docs – HTML,Y6-Y11,true
"What is the binary representation of the decimal number 10?","[""1000"",""1010"",""1100"",""1110""]",1,Technology,medium,"Binary uses only 0s and 1s. 1010 in binary = 1×8 + 0×4 + 1×2 + 0×1 = 10 in decimal.",Khan Academy – Binary,Y6-Y11,true
"What does 'GPU' stand for?","[""General Processing Unit"",""Graphics Processing Unit"",""Global Program Utility"",""Graphics Program Unit""]",1,Technology,medium,"GPUs were originally made for gaming but are now essential for AI and machine learning workloads.",NVIDIA – What is a GPU,Y6-Y11,true
"What is cloud computing?","[""Weather prediction software"",""Storing and processing data on remote internet servers"",""A type of processor"",""Wireless charging technology""]",1,Technology,medium,"Cloud computing allows people to access files and software from any device with an internet connection.",Microsoft – What is Cloud Computing,Y6-Y11,true
"How many bits are in one byte?","[""4"",""8"",""16"",""32""]",1,Technology,medium,"One byte = 8 bits. 1,024 bytes = 1 kilobyte, and 1,024 kilobytes = 1 megabyte.",Khan Academy – Binary and Data,Y6-Y11,true
"What does 'HTTP' stand for?","[""High Text Transfer Protocol"",""HyperText Transfer Protocol"",""Home Tool Transfer Protocol"",""Hyper Tool Transfer Program""]",1,Technology,medium,"HTTPS is the secure version of HTTP, encrypting data between your browser and the website.",MDN Web Docs – HTTP,Y6-Y11,true
"What is the function of a firewall in computing?","[""Speed up internet connection"",""Store files securely"",""Block unauthorised network access"",""Manage printer connections""]",2,Technology,medium,"Firewalls monitor incoming and outgoing network traffic based on security rules to protect systems.",CISA – Firewall Basics,Y6-Y11,true
"What does 'AI' stand for?","[""Automated Intelligence"",""Artificial Integration"",""Artificial Intelligence"",""Advanced Interface""]",2,Technology,medium,"The term 'Artificial Intelligence' was coined by John McCarthy in 1956 at the Dartmouth Conference.",Stanford University – AI100,Y6-Y11,true
"What programming language is most commonly used for data science and machine learning?","[""C++"",""JavaScript"",""Python"",""Ruby""]",2,Technology,medium,"Python's simple syntax and powerful libraries like NumPy, Pandas, and TensorFlow make it ideal for AI.",IEEE – Top Programming Languages,Y6-Y11,true
"What is the time complexity of a binary search algorithm?","[""O(n)"",""O(log n)"",""O(n²)"",""O(n log n)""]",1,Technology,hard,"Binary search halves the search space each step. Searching 1 million items takes only ~20 steps.",Khan Academy – Binary Search,Y6-Y11,true
"Which programming concept allows a function to call itself?","[""Iteration"",""Polymorphism"",""Recursion"",""Encapsulation""]",2,Technology,hard,"Recursion requires a base case to stop infinite loops. It is used in algorithms like merge sort and quicksort.",Khan Academy – Recursion,Y6-Y11,true
"What does DNS stand for in networking?","[""Data Network System"",""Domain Name System"",""Digital Node Server"",""Dynamic Network Service""]",1,Technology,hard,"DNS translates human-readable domain names like google.com into machine-readable IP addresses.",ICANN – How DNS Works,Y6-Y11,true
"In machine learning, what is overfitting?","[""When a model trains too slowly"",""When a model performs well on training data but poorly on new data"",""When a model runs out of memory"",""When a model has too few parameters""]",1,Technology,hard,"Overfitting happens when a model memorises training data instead of learning general patterns.",Google – Machine Learning Crash Course,Y6-Y11,true
"Which data structure operates on a LIFO (Last In First Out) principle?","[""Queue"",""Linked list"",""Stack"",""Binary tree""]",2,Technology,hard,"A stack works like a stack of plates: you add and remove from the top. Used in browser history and undo functions.",Khan Academy – Stacks,Y6-Y11,true
"What is the name of the protocol that automatically assigns IP addresses to devices on a network?","[""DNS"",""FTP"",""DHCP"",""SMTP""]",2,Technology,hard,"DHCP (Dynamic Host Configuration Protocol) automatically configures network settings so devices can communicate.",Cisco – DHCP Explained,Y6-Y11,true
"What does 'SQL' stand for?","[""Standard Query Language"",""Structured Query Language"",""Sequential Query Language"",""System Query Logic""]",1,Technology,hard,"SQL is used to manage and query relational databases. It is essential for backend development and data analysis.",W3Schools – SQL Introduction,Y6-Y11,true
"What is the purpose of hashing in computer security?","[""Encrypting files for transmission"",""Converting data into a fixed-length value for integrity verification"",""Compressing data for storage"",""Generating random passwords""]",1,Technology,hard,"Hash functions like SHA-256 are one-way — you cannot reverse them to find the original data.",NIST – Cryptographic Hash Functions,Y6-Y11,true
"What is the OSI model used for in networking?","[""To encrypt all internet data"",""To provide a layered framework for network communication"",""To store data in the cloud"",""To compress website images""]",1,Technology,hard,"The OSI model has 7 layers: Physical, Data Link, Network, Transport, Session, Presentation, Application.",Cisco – OSI Model,Y6-Y11,true
"What is the name of the encryption algorithm widely used to secure internet communications?","[""MD5"",""SHA-256"",""AES"",""Base64""]",2,Technology,hard,"AES (Advanced Encryption Standard) is used to protect everything from banking to government data.",NIST – AES Standard,Y6-Y11,true
"What is a baby kangaroo called?","[""Cub"",""Joey"",""Foal"",""Kit""]",1,Animals,easy,"A joey is only 2 cm long at birth and crawls into its mother's pouch to continue developing.",Australian Museum – Kangaroos,Y6-Y11,true
"What do giant pandas mainly eat?","[""Fish"",""Bamboo"",""Insects"",""Fruit""]",1,Animals,easy,"Pandas spend up to 14 hours a day eating bamboo and must consume 12–38 kg of it daily.",WWF – Giant Panda,Y6-Y11,true
"How many humps does a Bactrian camel have?","[""0"",""1"",""2"",""3""]",2,Animals,easy,"Bactrian camels have two humps; dromedary camels have one. The humps store fat for energy, not water.",National Geographic – Camels,Y6-Y11,true
"What is the largest fish in the ocean?","[""Great White Shark"",""Blue Whale"",""Whale Shark"",""Manta Ray""]",2,Animals,easy,"The whale shark can grow up to 18 metres long. It is a gentle filter feeder that eats tiny plankton.",National Geographic – Whale Shark,Y6-Y11,true
"Which bird is known for its ability to mimic human speech?","[""Eagle"",""Penguin"",""Parrot"",""Flamingo""]",2,Animals,easy,"African Grey parrots have been recorded learning over 1,000 words and can understand basic concepts.",National Geographic – Parrots,Y6-Y11,true
"What is a female lion called?","[""Tigress"",""Lioness"",""Puma"",""Cougar""]",1,Animals,easy,"Lionesses do most of the hunting for the pride and are generally faster than male lions.",National Geographic – Lions,Y6-Y11,true
"What is the fastest land animal?","[""Lion"",""Horse"",""Greyhound"",""Cheetah""]",3,Animals,easy,"A cheetah can reach 112 km/h in short bursts and accelerate from 0 to 100 km/h in 3 seconds.",National Geographic – Cheetah,Y6-Y11,true
"How many legs does an insect have?","[""4"",""6"",""8"",""10""]",1,Animals,easy,"All insects have 6 legs. Spiders have 8 legs and are arachnids, not insects.",BBC Bitesize – Insect Classification,Y6-Y11,true
"What do you call a group of wolves?","[""Pride"",""Pack"",""Herd"",""Flock""]",1,Animals,easy,"A wolf pack is typically a family unit led by an alpha pair. Packs cooperate to hunt large prey.",National Geographic – Wolves,Y6-Y11,true
"What is the largest land animal?","[""Hippopotamus"",""Giraffe"",""African Elephant"",""White Rhinoceros""]",2,Animals,easy,"African elephants can weigh up to 6 tonnes and are highly intelligent animals with long memories.",WWF – African Elephant,Y6-Y11,true
"What is the gestation period of an elephant?","[""9 months"",""15 months"",""22 months"",""30 months""]",2,Animals,medium,"At 22 months, the elephant has the longest gestation of any land animal. Calves weigh about 120 kg at birth.",WWF – Elephants,Y6-Y11,true
"What is the process by which a caterpillar transforms into a butterfly called?","[""Metamorphosis"",""Hibernation"",""Mutation"",""Evolution""]",0,Animals,medium,"During metamorphosis the caterpillar forms a chrysalis inside which its body completely reorganises.",National Geographic – Butterflies,Y6-Y11,true
"What is the only mammal capable of sustained powered flight?","[""Flying squirrel"",""Flying fox"",""Bat"",""Sugar glider""]",2,Animals,medium,"Bats use echolocation — emitting high-frequency sound and listening to echoes — to navigate in darkness.",BBC Wildlife – Bats,Y6-Y11,true
"What is the term for animals that are active during the night?","[""Diurnal"",""Migratory"",""Nocturnal"",""Territorial""]",2,Animals,medium,"Nocturnal animals like owls and bats have evolved larger eyes or ears to navigate in low-light conditions.",National Geographic – Nocturnal Animals,Y6-Y11,true
"Which animal produces the loudest sound in the animal kingdom?","[""Elephant"",""Sperm Whale"",""Blue Whale"",""Lion""]",2,Animals,medium,"A blue whale's call can reach 188 decibels and travel up to 800 km through the ocean.",National Geographic – Blue Whale,Y6-Y11,true
"What is the name of the critically endangered primate found only on Cát Bà Island in Vietnam?","[""Golden snub-nosed monkey"",""Cát Bà langur"",""François langur"",""Tonkin snub-nosed monkey""]",1,Animals,medium,"The Cát Bà langur has fewer than 70 individuals remaining, making it one of the world's rarest primates.",WWF Vietnam – Cát Bà Langur,Y6-Y11,true
"What is the world's most venomous fish?","[""Lionfish"",""Pufferfish"",""Stonefish"",""Triggerfish""]",2,Animals,medium,"The stonefish is nearly invisible on the seabed and its venomous spines can cause extreme pain and death.",Australian Institute of Marine Science,Y6-Y11,true
"What is the scientific study of animals called?","[""Botany"",""Geology"",""Zoology"",""Ecology""]",2,Animals,medium,"Zoology covers everything from animal behaviour and physiology to evolution and classification.",Khan Academy – Classification of Life,Y6-Y11,true
"What term describes the relationship where both organisms benefit from each other?","[""Commensalism"",""Parasitism"",""Mutualism"",""Amensalism""]",2,Animals,medium,"An example is the clownfish and sea anemone — the fish protects the anemone and gets shelter in return.",National Geographic – Symbiosis,Y6-Y11,true
"What is the average lifespan of a worker honeybee in summer?","[""6 days"",""6 weeks"",""6 months"",""6 years""]",1,Animals,medium,"Worker bees live only 6 weeks in summer due to the intense effort of foraging. Winter bees live 4–6 months.",BBC Wildlife – Bees,Y6-Y11,true
"What is the name of the protein that makes up bird feathers and human fingernails?","[""Collagen"",""Keratin"",""Elastin"",""Fibrin""]",1,Animals,hard,"Keratin is a structural protein also found in hair, hooves, horns, and reptile scales.",National Geographic – Keratin,Y6-Y11,true
"Which order do bats belong to in animal classification?","[""Rodentia"",""Chiroptera"",""Insectivora"",""Carnivora""]",1,Animals,hard,"Chiroptera means 'hand-wing' in Greek. Bats are the only mammals with true powered flight.",BBC Wildlife – Bat Classification,Y6-Y11,true
"How many hearts does an octopus have?","[""1"",""2"",""3"",""4""]",2,Animals,hard,"Two branchial hearts pump blood through the gills; one systemic heart pumps it to the rest of the body.",National Geographic – Octopus,Y6-Y11,true
"What is the process called when a snake sheds its skin?","[""Hibernation"",""Aestivation"",""Ecdysis"",""Moulting""]",2,Animals,hard,"Snakes shed their skin (ecdysis) several times a year as they grow. The old skin comes off in one piece.",National Geographic – Snakes,Y6-Y11,true
"What is the binomial nomenclature (scientific name) for the domestic dog?","[""Canis familiaris"",""Felis catus"",""Vulpes vulpes"",""Panthera leo""]",0,Animals,hard,"Canis lupus familiaris is the full scientific name. Dogs are a domesticated subspecies of the grey wolf.",ITIS – Canis familiaris,Y6-Y11,true
"Which bird has the longest wingspan of any living bird?","[""Bald Eagle"",""Wandering Albatross"",""California Condor"",""Marabou Stork""]",1,Animals,hard,"The wandering albatross has a wingspan of up to 3.7 metres and can fly thousands of kilometres without landing.",BirdLife International,Y6-Y11,true
"What type of animal is a Komodo dragon?","[""Crocodilian"",""Monitor lizard"",""Gecko"",""Iguana""]",1,Animals,hard,"Komodo dragons are the world's largest living lizards, growing up to 3 metres. Found only in Indonesia.",National Geographic – Komodo Dragon,Y6-Y11,true
"What is the term for an animal that only eats plants?","[""Carnivore"",""Omnivore"",""Herbivore"",""Detritivore""]",2,Animals,hard,"Herbivores have evolved specialised teeth and digestive systems to break down tough plant material.",Khan Academy – Food Chains,Y6-Y11,true
"What is the name of the venomous mammal that has a duck bill and lays eggs?","[""Echidna"",""Wombat"",""Platypus"",""Quoll""]",2,Animals,hard,"The platypus is one of only five monotreme species. Males have venomous spurs on their hind legs.",Australian Museum – Platypus,Y6-Y11,true
"Which animal is known to have the longest lifespan of any vertebrate?","[""Galapagos Tortoise"",""Bowhead Whale"",""Greenland Shark"",""Ocean Quahog Clam""]",2,Animals,hard,"Greenland sharks can live over 400 years, reaching sexual maturity only around age 150.",Science – Greenland Shark Longevity Study,Y6-Y11,true
"Which animated film features the characters Woody and Buzz Lightyear?","[""A Bugs Life"",""Monsters Inc."",""Cars"",""Toy Story""]",3,Movies,easy,"Toy Story (1995) was the world's first fully computer-animated feature film.",Pixar – Toy Story,Y6-Y11,true
"What is the name of the school Harry Potter attends?","[""Beauxbatons"",""Durmstrang"",""Hogwarts"",""Ilvermorny""]",2,Movies,easy,"Hogwarts School of Witchcraft and Wizardry is divided into four houses: Gryffindor, Slytherin, Hufflepuff, and Ravenclaw.",J.K. Rowling – Pottermore,Y6-Y11,true
"In 'Frozen', what is the name of Elsa's sister?","[""Moana"",""Rapunzel"",""Anna"",""Merida""]",2,Movies,easy,"Anna and Elsa are based loosely on characters from Hans Christian Andersen's story 'The Snow Queen'.",Disney – Frozen,Y6-Y11,true
"Which superhero is known as the Man of Steel?","[""Batman"",""Iron Man"",""Superman"",""Thor""]",2,Movies,easy,"Superman was created in 1933 by Jerry Siegel and Joe Shuster, making him one of the first superheroes.",DC Comics – Superman,Y6-Y11,true
"What is the name of the villain in 'The Lion King'?","[""Zazu"",""Timon"",""Scar"",""Pumba""]",2,Movies,easy,"Scar is Mufasa's younger brother who plots to take over Pride Rock. His real name is Taka.",Disney – The Lion King,Y6-Y11,true
"Which animated Disney movie is set in Hawaii?","[""Lilo and Stitch"",""Moana"",""Encanto"",""Coco""]",0,Movies,easy,"Lilo & Stitch (2002) was praised for its realistic portrayal of Hawaiian culture and the spirit of ohana (family).",Disney – Lilo and Stitch,Y6-Y11,true
"In which movie does the character Jack Sparrow appear?","[""Indiana Jones"",""Pirates of the Caribbean"",""The Mummy"",""Treasure Island""]",1,Movies,easy,"Captain Jack Sparrow, played by Johnny Depp, first appeared in Pirates of the Caribbean: The Curse of the Black Pearl (2003).",Disney,Y6-Y11,true
"What city does Spider-Man's Peter Parker live in?","[""Gotham City"",""Metropolis"",""New York City"",""Star City""]",2,Movies,easy,"Spider-Man mostly operates in the Queens and Manhattan areas of New York City.",Marvel Comics – Spider-Man,Y6-Y11,true
"What is the name of the fictional kingdom in 'Frozen'?","[""Arendelle"",""Avalon"",""Agrabah"",""Aldovia""]",0,Movies,easy,"Arendelle is inspired by Norway — the film's visuals were based on the fjords and architecture of Bergen.",Disney – Frozen Production,Y6-Y11,true
"Which animated studio produced 'Spirited Away'?","[""Pixar"",""DreamWorks"",""Studio Ghibli"",""Sony Animation""]",2,Movies,easy,"Studio Ghibli was founded in 1985 by Hayao Miyazaki and Isao Takahata in Japan.",Studio Ghibli,Y6-Y11,true
"Which film won the Academy Award for Best Picture at the 2020 Oscars?","[""1917"",""Joker"",""Once Upon a Time in Hollywood"",""Parasite""]",3,Movies,medium,"Parasite became the first non-English language film to win Best Picture at the Academy Awards.",Academy of Motion Picture Arts and Sciences,Y6-Y11,true
"Who directed the 2010 film 'Inception'?","[""Steven Spielberg"",""James Cameron"",""Christopher Nolan"",""Ridley Scott""]",2,Movies,medium,"Christopher Nolan is known for mind-bending films including Memento, The Dark Knight, and Interstellar.",IMDb – Christopher Nolan,Y6-Y11,true
"In which language was the award-winning film 'Parasite' (2019) filmed?","[""Japanese"",""Mandarin"",""Korean"",""Thai""]",2,Movies,medium,"Parasite was directed by Bong Joon-ho and is a South Korean film. It was a global box-office hit.",IMDb – Parasite,Y6-Y11,true
"Which Vietnamese film was nominated for Best Foreign Language Film at the Academy Awards in 1993?","[""The Scent of Green Papaya"",""Cyclo"",""The Third Wife"",""Furie""]",0,Movies,medium,"The Scent of Green Papaya, directed by Trần Anh Hùng, was the first Vietnamese film Oscar-nominated.",Academy of Motion Picture Arts and Sciences,Y6-Y11,true
"In which movie does Tom Hanks play a man stranded alone on an island?","[""Forrest Gump"",""Philadelphia"",""Cast Away"",""The Terminal""]",2,Movies,medium,"In Cast Away (2000), Hanks's character befriends a volleyball he names Wilson in one of cinema's most iconic scenes.",IMDb – Cast Away,Y6-Y11,true
"Which animated film studio produced 'Spirited Away', directed by Hayao Miyazaki?","[""Pixar"",""DreamWorks"",""Studio Ghibli"",""Madhouse""]",2,Movies,medium,"Spirited Away (2001) won the Academy Award for Best Animated Feature in 2003 — the only anime film to do so.",Academy Awards – Animated Feature,Y6-Y11,true
"Who played the role of Iron Man in the Marvel Cinematic Universe?","[""Chris Evans"",""Chris Hemsworth"",""Robert Downey Jr."",""Mark Ruffalo""]",2,Movies,medium,"Robert Downey Jr. portrayed Tony Stark / Iron Man across 10 MCU films from 2008 to 2019.",IMDb – Marvel Cinematic Universe,Y6-Y11,true
"In which classic film does the famous line 'I'll be back' appear?","[""Die Hard"",""Predator"",""Rambo"",""The Terminator""]",3,Movies,medium,"The Terminator (1984), directed by James Cameron, made Arnold Schwarzenegger a global superstar.",IMDb – The Terminator,Y6-Y11,true
"Which Asian filmmaker directed the critically acclaimed trilogy beginning with 'Memories of Murder' (2003)?","[""Wong Kar-wai"",""Park Chan-wook"",""Bong Joon-ho"",""Akira Kurosawa""]",2,Movies,medium,"Bong Joon-ho went on to direct Snowpiercer, Okja, and the Oscar-winning Parasite.",IMDb – Bong Joon-ho,Y6-Y11,true
"Which 2001 animated Japanese film is often called the greatest animated film ever made?","[""Princess Mononoke"",""Spirited Away"",""Howls Moving Castle"",""My Neighbor Totoro""]",1,Movies,medium,"Spirited Away topped many 'greatest animated films' polls and remains the highest-grossing anime film in Japan.",BFI – Greatest Films Poll,Y6-Y11,true
"Which 1972 film directed by Francis Ford Coppola is considered one of the greatest films ever made?","[""Apocalypse Now"",""Chinatown"",""The Godfather"",""Taxi Driver""]",2,Movies,hard,"The Godfather is based on Mario Puzo's 1969 novel. Marlon Brando's performance is considered one of cinema's greatest.",AFI – 100 Greatest American Films,Y6-Y11,true
"The 1979 film 'Apocalypse Now' was partly adapted from which literary work?","[""The Sun Also Rises"",""Lord of the Flies"",""Heart of Darkness"",""Things Fall Apart""]",2,Movies,hard,"Joseph Conrad's novella Heart of Darkness (1899) set in the Congo inspired Coppola's Vietnam War epic.",IMDb – Apocalypse Now,Y6-Y11,true
"In which year was the first feature-length sound film 'The Jazz Singer' released?","[""1922"",""1925"",""1927"",""1930""]",2,Movies,hard,"The Jazz Singer (1927) starring Al Jolson was the first feature film with synchronised dialogue.",Library of Congress – Film History,Y6-Y11,true
"Which Vietnamese-French filmmaker directed the Oscar-nominated 'The Scent of Green Papaya'?","[""Wong Kar-wai"",""Park Chan-wook"",""Trần Anh Hùng"",""Apichatpong Weerasethakul""]",2,Movies,hard,"Trần Anh Hùng was born in Hội An, Vietnam, and grew up in France. He continues to make internationally acclaimed films.",IMDb – Trần Anh Hùng,Y6-Y11,true
"Which famous shower scene film was directed by Alfred Hitchcock?","[""Vertigo"",""Rear Window"",""The Birds"",""Psycho""]",3,Movies,hard,"Psycho (1960) revolutionised horror filmmaking. The famous shower scene used 70+ camera angles in 45 seconds.",IMDb – Psycho,Y6-Y11,true
"What is the term for a cinematic shot filmed from an extremely low angle, looking up?","[""Birds eye view"",""Dutch angle"",""Worms eye view"",""Pan shot""]",2,Movies,hard,"Directors use the worm's eye view to make subjects appear powerful or threatening.",BFI – Cinematography Techniques,Y6-Y11,true
"Which film is widely considered the first science fiction blockbuster?","[""2001 A Space Odyssey"",""Close Encounters of the Third Kind"",""Star Wars"",""Alien""]",2,Movies,hard,"Star Wars (1977) by George Lucas revolutionised special effects and created the modern blockbuster era.",American Film Institute,Y6-Y11,true
"The concept of the Bechdel Test is used to evaluate what in films?","[""Box office performance"",""Representation of women"",""Narrative structure"",""Production budget""]",1,Movies,hard,"A film passes the Bechdel Test if it has two named women who talk to each other about something other than a man.",Bechdel Test Foundation,Y6-Y11,true
"Which country's film industry is known as Bollywood?","[""Pakistan"",""Bangladesh"",""Nepal"",""India""]",3,Movies,hard,"Bollywood, based in Mumbai, produces around 1,000 films per year, more than Hollywood.",India's Film Federation,Y6-Y11,true
"Which 2013 film by Alfonso Cuarón depicts survival in outer space?","[""Interstellar"",""The Martian"",""Gravity"",""Ad Astra""]",2,Movies,hard,"Gravity won 7 Academy Awards including Best Director and was praised for its technically accurate depiction of space.",Academy Awards – 86th Ceremony,Y6-Y11,true
"How many strings does a standard violin have?","[""3"",""4"",""5"",""6""]",1,Music,easy,"A violin's four strings are tuned G, D, A, E from lowest to highest pitch.",Royal College of Music,Y6-Y11,true
"Which K-pop group released the hit songs Dynamite and Butter?","[""EXO"",""BLACKPINK"",""TWICE"",""BTS""]",3,Music,easy,"BTS became the first K-pop act to debut at No. 1 on the Billboard Hot 100 with Dynamite in 2020.",Billboard – BTS,Y6-Y11,true
"How many musicians are in a quartet?","[""2"",""3"",""4"",""5""]",2,Music,easy,"A quartet has 4 musicians. Famous examples include string quartets — two violins, a viola, and a cello.",Royal College of Music,Y6-Y11,true
"What is the thin stick used to conduct an orchestra called?","[""Baton"",""Bow"",""Wand"",""Staff""]",0,Music,easy,"Conducting batons became widely used in the 19th century to help synchronise large orchestras.",Royal Philharmonic Orchestra,Y6-Y11,true
"Which singer is widely known as the Queen of Pop?","[""Beyonce"",""Celine Dion"",""Madonna"",""Mariah Carey""]",2,Music,easy,"Madonna has sold over 300 million records worldwide and has been a global pop icon since the 1980s.",Rolling Stone – Madonna,Y6-Y11,true
"What is the name of the Vietnamese two-stringed bowed instrument?","[""Đàn Bầu"",""Đàn Tranh"",""Đàn Nhị"",""Trống""]",2,Music,easy,"The Đàn Nhị (Vietnamese fiddle) is used in traditional music, Cải Lương opera, and folk performances.",Vietnam Museum of Ethnology,Y6-Y11,true
"In music notation, what symbol indicates silence for a specified duration?","[""Clef"",""Rest"",""Sharp"",""Flat""]",1,Music,easy,"Rests are as important as notes in music — silence creates tension, rhythm, and expression.",Khan Academy – Music Notation,Y6-Y11,true
"How many keys does a standard piano have?","[""76"",""80"",""88"",""92""]",2,Music,easy,"The 88 keys of a standard piano cover 7 octaves plus a minor third, from A0 to C8.",Steinway & Sons,Y6-Y11,true
"What is the world's largest musical instrument by size?","[""Pipe organ"",""Grand piano"",""Double bass"",""Tuba""]",0,Music,easy,"The world's largest playable pipe organ is the Wanamaker Organ in Philadelphia with nearly 30,000 pipes.",Guinness World Records – Largest Organ,Y6-Y11,true
"In music, what does the Italian term 'forte' mean?","[""Slow"",""Soft"",""Loud"",""Fast""]",2,Music,easy,"Dynamic markings in music range from pp (pianissimo = very soft) to ff (fortissimo = very loud).",ABRSM – Music Theory,Y6-Y11,true
"What is the name of the Vietnamese traditional music genre recognised by UNESCO as intangible cultural heritage?","[""Quan Họ"",""Ca Trù"",""Nhã Nhạc"",""Đờn Ca Tài Tử""]",2,Music,medium,"Nhã Nhạc (Vietnamese court music) from Huế was recognised by UNESCO in 2003 as an intangible heritage.",UNESCO – Nhã Nhạc,Y6-Y11,true
"Who composed the famous piece 'Für Elise'?","[""Wolfgang Mozart"",""Johann Sebastian Bach"",""Ludwig van Beethoven"",""Franz Schubert""]",2,Music,medium,"Beethoven composed Für Elise around 1810 but it was not published until 40 years after his death.",Beethoven-Haus Bonn,Y6-Y11,true
"What is the name of the scale that uses only five notes per octave?","[""Diatonic scale"",""Chromatic scale"",""Pentatonic scale"",""Whole tone scale""]",2,Music,medium,"The pentatonic scale is used in folk music from Vietnam, China, and across Africa and the Americas.",Khan Academy – Music Scales,Y6-Y11,true
"What is the time signature of a waltz?","[""2/4"",""3/4"",""4/4"",""6/8""]",1,Music,medium,"The waltz's distinctive one-two-three rhythm comes from its 3/4 time signature — one strong beat followed by two weak ones.",Vienna Philharmonic,Y6-Y11,true
"How many semitones are there in one octave?","[""8"",""10"",""12"",""14""]",2,Music,medium,"An octave contains 12 semitones. On a piano, these are the 7 white keys and 5 black keys within one octave.",ABRSM – Music Theory Grade 5,Y6-Y11,true
"Which music streaming platform has the most global subscribers?","[""Apple Music"",""YouTube Music"",""Tidal"",""Spotify""]",3,Music,medium,"Spotify had over 600 million active users as of 2024, making it the world's largest audio streaming service.",Spotify – Investor Relations,Y6-Y11,true
"What is the term for gradually getting louder in music?","[""Decrescendo"",""Fortissimo"",""Crescendo"",""Pianissimo""]",2,Music,medium,"A crescendo (shown as < in notation) gradually increases volume. Decrescendo or diminuendo decreases it.",ABRSM – Music Dynamics,Y6-Y11,true
"In music theory, what is a chord made of exactly three notes called?","[""Interval"",""Chord"",""Triad"",""Arpeggio""]",2,Music,medium,"A triad consists of a root note, a third, and a fifth. Major and minor triads are the building blocks of most music.",Khan Academy – Music Theory,Y6-Y11,true
"What is the Vietnamese one-stringed zither known for producing haunting expressive tones?","[""Đàn Tranh"",""Đàn Bầu"",""Đàn Nhị"",""Đàn Tỳ Bà""]",1,Music,medium,"The Đàn Bầu uses a flexible rod to bend the single string's pitch, creating its uniquely expressive sliding sound.",Vietnam Museum of Ethnology,Y6-Y11,true
"Who composed 'The Four Seasons', a set of violin concertos?","[""Johann Sebastian Bach"",""Antonio Vivaldi"",""George Frideric Handel"",""Franz Joseph Haydn""]",1,Music,medium,"Vivaldi composed The Four Seasons around 1723. Each concerto depicts a different season with vivid musical imagery.",Encyclopaedia Britannica – Vivaldi,Y6-Y11,true
"What is the term for the simultaneous use of two or more musical keys?","[""Polytonality"",""Atonality"",""Bitonality"",""Chromaticism""]",0,Music,hard,"Polytonality was explored by composers like Stravinsky and Bartók in the early 20th century.",Grove Music Online – Polytonality,Y6-Y11,true
"Which composer wrote the opera 'The Magic Flute'?","[""Giuseppe Verdi"",""Richard Wagner"",""Wolfgang Amadeus Mozart"",""Ludwig van Beethoven""]",2,Music,hard,"The Magic Flute (Die Zauberflöte, 1791) was Mozart's last opera, completed just two months before his death.",Encyclopaedia Britannica – The Magic Flute,Y6-Y11,true
"What is the interval between two notes of the same name in adjacent octaves called?","[""Unison"",""Fifth"",""Seventh"",""Octave""]",3,Music,hard,"An octave doubles the frequency of a note. A4 (440 Hz) is an octave above A3 (220 Hz).",ABRSM – Music Theory,Y6-Y11,true
"Which Vietnamese song written by Văn Cao in 1944 became the national anthem?","[""Tiến Quân Ca"",""Giải Phóng Miền Nam"",""Quốc Ca"",""Đoàn Quân Việt Nam Đi""]",0,Music,hard,"Tiến Quân Ca (Marching to the Front) was composed when Văn Cao was only 20 years old and adopted as the anthem in 1945.",Vietnam Ministry of Culture,Y6-Y11,true
"Which 20th-century composer's 'The Rite of Spring' caused a riot at its Paris premiere in 1913?","[""Claude Debussy"",""Sergei Prokofiev"",""Dmitri Shostakovich"",""Igor Stravinsky""]",3,Music,hard,"The Rite of Spring's dissonant harmonies and unconventional choreography shocked Parisian audiences in 1913.",Encyclopaedia Britannica – Stravinsky,Y6-Y11,true
"What is the musical form where a main theme alternates with contrasting episodes?","[""Sonata form"",""Fugue"",""Rondo"",""Theme and variations""]",2,Music,hard,"Rondo form is often written as ABACABA. Mozart used it frequently in the final movements of his concertos.",ABRSM – Musical Forms,Y6-Y11,true
"What is the term for a musical technique where a theme is imitated in succession by different voices?","[""Harmony"",""Canon"",""Counterpoint"",""Modulation""]",1,Music,hard,"A canon uses strict melodic imitation. The children's song 'Row Your Boat' is a simple example of a canon.",Grove Music Online – Canon,Y6-Y11,true
"Which composer is associated with the development of the symphony as a major musical form?","[""Beethoven"",""Brahms"",""Haydn"",""Schubert""]",2,Music,hard,"Franz Joseph Haydn wrote 106 symphonies and is often called the Father of the Symphony.",Encyclopaedia Britannica – Haydn,Y6-Y11,true
"What is the term for a note that is played slightly below the standard pitch, often used in blues and jazz?","[""Sharp"",""Flat"",""Blue note"",""Grace note""]",2,Music,hard,"Blue notes, played slightly flat on the 3rd, 5th, and 7th degrees, give blues music its distinctive emotional quality.",Grove Music Online – Blue Note,Y6-Y11,true
"In a standard Western orchestral score, which clef does the cello typically read?","[""Treble clef"",""Bass clef"",""Alto clef"",""Tenor clef""]",1,Music,hard,"Cellists also use the tenor and treble clef for higher passages but the bass clef is their primary reading clef.",ABRSM – Orchestral Instruments,Y6-Y11,true
"Who created the fictional detective Sherlock Holmes?","[""Agatha Christie"",""Arthur Conan Doyle"",""Edgar Allan Poe"",""Raymond Chandler""]",1,Literature,easy,"Arthur Conan Doyle published the first Sherlock Holmes story in 1887. The detective lives at 221B Baker Street.",British Library – Sherlock Holmes,Y6-Y11,true
"Who wrote 'Harry Potter and the Philosopher's Stone'?","[""Roald Dahl"",""C.S. Lewis"",""J.K. Rowling"",""J.R.R. Tolkien""]",2,Literature,easy,"J.K. Rowling wrote the first Harry Potter book in Edinburgh cafes, publishing it in 1997 after many rejections.",British Library – Harry Potter,Y6-Y11,true
"What is the name of the main character in 'The Diary of a Wimpy Kid'?","[""Greg Heffley"",""Tom Henderson"",""Charlie Bucket"",""Jeff Kinney""]",0,Literature,easy,"Greg Heffley was created by author Jeff Kinney, whose books have sold over 250 million copies worldwide.",Penguin Books – Wimpy Kid,Y6-Y11,true
"Which Shakespeare play features three witches who say 'Double double toil and trouble'?","[""Hamlet"",""Othello"",""Macbeth"",""King Lear""]",2,Literature,easy,"Macbeth was written around 1606. The three witches (or Weird Sisters) prophesize Macbeth's rise to power.",Royal Shakespeare Company – Macbeth,Y6-Y11,true
"In 'The Lion the Witch and the Wardrobe', what is the name of the magical land?","[""Oz"",""Neverland"",""Narnia"",""Wonderland""]",2,Literature,easy,"C.S. Lewis published The Lion, the Witch and the Wardrobe in 1950. Narnia can only be entered through a magic wardrobe.",British Library – C.S. Lewis,Y6-Y11,true
"Who wrote 'Romeo and Juliet'?","[""Charles Dickens"",""Jane Austen"",""William Shakespeare"",""Homer""]",2,Literature,easy,"Romeo and Juliet was written around 1594–1596 and remains one of the most performed plays in the world.",Royal Shakespeare Company,Y6-Y11,true
"What is the name of the hobbit in J.R.R. Tolkien's 'The Hobbit'?","[""Frodo"",""Sam"",""Gandalf"",""Bilbo""]",3,Literature,easy,"Bilbo Baggins lives at Bag End in the Shire and later passes his magic ring to his nephew Frodo.",Tolkien Society,Y6-Y11,true
"In 'Alice's Adventures in Wonderland', what does Alice follow down the rabbit hole?","[""A cat"",""A White Rabbit"",""A mad hatter"",""A red queen""]",1,Literature,easy,"Alice's Adventures in Wonderland was written by Lewis Carroll (Charles Dodgson) and published in 1865.",British Library – Alice,Y6-Y11,true
"What is the longest epic poem in world literature?","[""The Iliad"",""The Mahabharata"",""The Odyssey"",""Paradise Lost""]",1,Literature,easy,"The Mahābhārata has over 200,000 verses — roughly 10 times the length of the Iliad and Odyssey combined.",UNESCO – Indian Literature,Y6-Y11,true
"What literary device is it when an author hints at future events in the story?","[""Flashback"",""Foreshadowing"",""Metaphor"",""Irony""]",1,Literature,easy,"Foreshadowing builds tension and suspense by subtly preparing the reader for what is to come.",Khan Academy – Literary Devices,Y6-Y11,true
"Who wrote the dystopian novel '1984'?","[""Aldous Huxley"",""George Orwell"",""Ray Bradbury"",""H.G. Wells""]",1,Literature,medium,"George Orwell (Eric Arthur Blair) wrote 1984 in 1948. The title came from reversing the last two digits of the year.",BBC – George Orwell,Y6-Y11,true
"What is the term for a 14-line poem with a specific rhyme scheme?","[""Haiku"",""Limerick"",""Sonnet"",""Ballad""]",2,Literature,medium,"Shakespeare wrote 154 sonnets. The Petrarchan and Shakespearean sonnets have different rhyme schemes.",Royal Shakespeare Company – Sonnets,Y6-Y11,true
"Who wrote 'Pride and Prejudice'?","[""Charlotte Bronte"",""Emily Bronte"",""Mary Shelley"",""Jane Austen""]",3,Literature,medium,"Jane Austen published Pride and Prejudice in 1813. The opening line is one of the most famous in English literature.",British Library – Jane Austen,Y6-Y11,true
"What is the term for giving human qualities to non-human objects or animals?","[""Metaphor"",""Simile"",""Personification"",""Alliteration""]",2,Literature,medium,"Personification appears in phrases like 'the wind whispered' or 'the sun smiled on us'.",Khan Academy – Literary Devices,Y6-Y11,true
"In which country is Khaled Hosseini's novel 'The Kite Runner' set?","[""Iraq"",""Pakistan"",""Iran"",""Afghanistan""]",3,Literature,medium,"The Kite Runner (2003) follows a boy in Kabul before and after the Soviet invasion of Afghanistan.",Penguin Books – The Kite Runner,Y6-Y11,true
"Which novel begins with 'It was the best of times it was the worst of times'?","[""Oliver Twist"",""David Copperfield"",""Great Expectations"",""A Tale of Two Cities""]",3,Literature,medium,"A Tale of Two Cities by Charles Dickens (1859) is set during the French Revolution.",British Library – Dickens,Y6-Y11,true
"What was the pen name of Vietnamese poet Nguyễn Khuyến who satirised colonial society?","[""Tố Như"",""Thanh Hiên"",""Yên Đổ"",""Xuân Diệu""]",2,Literature,medium,"Nguyễn Khuyến, known by the pen name Yên Đổ, was celebrated for satirical poetry and village landscapes.",Vietnam Literature Institute,Y6-Y11,true
"In which novel does the character Atticus Finch defend a Black man falsely accused of a crime in the American South?","[""The Color Purple"",""Of Mice and Men"",""To Kill a Mockingbird"",""Beloved""]",2,Literature,medium,"To Kill a Mockingbird by Harper Lee (1960) won the Pulitzer Prize and remains a landmark of American literature.",Library of Congress – Harper Lee,Y6-Y11,true
"What literary movement emphasising emotion and nature dominated early 19th-century writing?","[""Realism"",""Modernism"",""Romanticism"",""Postmodernism""]",2,Literature,medium,"Romanticism elevated personal emotion and the natural world as a reaction against industrialisation.",Encyclopaedia Britannica – Romanticism,Y6-Y11,true
"Which ancient Greek poet is credited with writing 'The Iliad' and 'The Odyssey'?","[""Sophocles"",""Plato"",""Homer"",""Virgil""]",2,Literature,medium,"Homer composed the epics around the 8th century BC. Scholars debate whether one person or many wrote them.",Encyclopaedia Britannica – Homer,Y6-Y11,true
"Which Vietnamese poet is known for bold Nôm poetry that subversively celebrated female experience?","[""Nguyễn Du"",""Đoàn Thị Điểm"",""Hồ Xuân Hương"",""Nguyễn Trãi""]",2,Literature,hard,"Hồ Xuân Hương is called the Queen of Vietnamese poetry. Her double-meaning poems challenged Confucian norms.",Vietnam Literature Institute,Y6-Y11,true
"Who wrote 'One Hundred Years of Solitude', a landmark of magical realism?","[""Isabel Allende"",""Pablo Neruda"",""Mario Vargas Llosa"",""Gabriel García Márquez""]",3,Literature,hard,"Gabriel García Márquez won the Nobel Prize in Literature in 1982. His novel is set in the fictional Macondo.",Nobel Prize – García Márquez,Y6-Y11,true
"What is the term for the moment of greatest tension or the turning point in a story's plot?","[""Exposition"",""Rising action"",""Climax"",""Denouement""]",2,Literature,hard,"The plot structure follows: exposition, rising action, climax, falling action, and resolution (denouement).",Khan Academy – Plot Structure,Y6-Y11,true
"Which epic poem by Homer recounts the Trojan War?","[""The Odyssey"",""The Aeneid"",""The Iliad"",""The Epic of Gilgamesh""]",2,Literature,hard,"The Iliad spans 24 books and focuses on events during the final weeks of the 10-year Trojan War.",Encyclopaedia Britannica – The Iliad,Y6-Y11,true
"What is the term for a narrative technique where a story is told within another story?","[""Allegory"",""Epistolary"",""Frame narrative"",""Stream of consciousness""]",2,Literature,hard,"Frame narratives appear in 'One Thousand and One Nights', 'The Canterbury Tales', and 'Wuthering Heights'.",Khan Academy – Narrative Techniques,Y6-Y11,true
"Which Nobel Prize-winning author wrote 'The Old Man and the Sea'?","[""John Steinbeck"",""Ernest Hemingway"",""William Faulkner"",""F. Scott Fitzgerald""]",1,Literature,hard,"Ernest Hemingway won the Nobel Prize in 1954. The Old Man and the Sea (1952) exemplifies his minimalist style.",Nobel Prize – Hemingway,Y6-Y11,true
"What literary movement characterised by fragmentation dominated early 20th-century Western writing?","[""Romanticism"",""Realism"",""Modernism"",""Postmodernism""]",2,Literature,hard,"Modernism included writers like Virginia Woolf, James Joyce, and T.S. Eliot who experimented with form and narrative.",Encyclopaedia Britannica – Modernism,Y6-Y11,true
"In Homer's 'The Odyssey', what is the name of the enchantress who turns Odysseus's men into pigs?","[""Calypso"",""Circe"",""Scylla"",""Charybdis""]",1,Literature,hard,"Circe is a sorceress who lives on the island of Aeaea. Odysseus spends a year on her island before continuing his journey.",Encyclopaedia Britannica – Circe,Y6-Y11,true